SEQUENCE_ID,TYPE,DOMAINS,TP,FP,FN,Sens,PPV,Jaccard
E001_001,E,1,1,0,0,1.0,1.0,1.0
E001_002,E,1,1,0,0,1.0,1.0,1.0
E001_003,E,1,1,0,0,1.0,1.0,1.0
E001_004,E,1,1,0,0,1.0,1.0,1.0
E001_005,E,1,1,0,0,1.0,1.0,1.0
E001_006,E,1,1,0,0,1.0,1.0,1.0
E001_007,E,1,1,0,0,1.0,1.0,1.0
E001_008,E,1,1,0,0,1.0,1.0,1.0
E001_009,E,1,1,0,0,1.0,1.0,1.0
E001_010,E,1,1,0,0,1.0,1.0,1.0
E001_011,E,1,1,0,0,1.0,1.0,1.0
E001_012,E,1,1,0,0,1.0,1.0,1.0
E001_013,E,1,0,3,1,0.0,0.0,0.0
E001_014,E,1,1,0,0,1.0,1.0,1.0
E001_015,E,1,0,4,1,0.0,0.0,0.0
E001_016,E,1,1,0,0,1.0,1.0,1.0
E001_017,E,1,1,0,0,1.0,1.0,1.0
E001_018,E,1,1,0,0,1.0,1.0,1.0
E001_019,E,1,1,0,0,1.0,1.0,1.0
E001_020,E,1,1,0,0,1.0,1.0,1.0
E001_021,E,1,1,0,0,1.0,1.0,1.0
E001_022,E,1,1,0,0,1.0,1.0,1.0
E001_023,E,1,1,0,0,1.0,1.0,1.0
E001_024,E,1,0,4,1,0.0,0.0,0.0
E001_025,E,1,0,3,1,0.0,0.0,0.0
E001_026,E,1,1,0,0,1.0,1.0,1.0
E001_027,E,1,0,3,1,0.0,0.0,0.0
E001_028,E,1,0,3,1,0.0,0.0,0.0
E001_029,E,1,1,0,0,1.0,1.0,1.0
E001_030,E,1,1,0,0,1.0,1.0,1.0
E001_031,E,1,1,0,0,1.0,1.0,1.0
E001_032,E,1,1,0,0,1.0,1.0,1.0
E001_033,E,1,1,0,0,1.0,1.0,1.0
E001_034,E,1,1,0,0,1.0,1.0,1.0
E001_035,E,1,1,0,0,1.0,1.0,1.0
E001_036,E,1,1,0,0,1.0,1.0,1.0
E001_037,E,1,1,0,0,1.0,1.0,1.0
E001_038,E,1,1,0,0,1.0,1.0,1.0
E001_039,E,1,1,0,0,1.0,1.0,1.0
E001_040,E,1,1,0,0,1.0,1.0,1.0
E001_041,E,1,1,0,0,1.0,1.0,1.0
E001_042,E,1,0,2,1,0.0,0.0,0.0
E001_043,E,1,1,0,0,1.0,1.0,1.0
E001_044,E,1,1,0,0,1.0,1.0,1.0
E001_045,E,1,1,0,0,1.0,1.0,1.0
E001_046,E,1,1,0,0,1.0,1.0,1.0
E001_047,E,1,1,0,0,1.0,1.0,1.0
E001_048,E,1,1,0,0,1.0,1.0,1.0
E001_049,E,1,1,0,0,1.0,1.0,1.0
E001_050,E,1,1,0,0,1.0,1.0,1.0
E001_051,E,1,1,0,0,1.0,1.0,1.0
E001_052,E,1,1,0,0,1.0,1.0,1.0
E001_053,E,1,1,0,0,1.0,1.0,1.0
E001_054,E,1,1,0,0,1.0,1.0,1.0
E001_055,E,1,1,0,0,1.0,1.0,1.0
E001_056,E,1,1,0,0,1.0,1.0,1.0
E001_057,E,1,1,0,0,1.0,1.0,1.0
E001_058,E,1,1,0,0,1.0,1.0,1.0
E001_059,E,1,1,0,0,1.0,1.0,1.0
E001_060,E,1,1,0,0,1.0,1.0,1.0
E001_061,E,1,1,0,0,1.0,1.0,1.0
E001_062,E,1,1,0,0,1.0,1.0,1.0
E001_063,E,1,1,0,0,1.0,1.0,1.0
E001_064,E,1,1,0,0,1.0,1.0,1.0
E001_065,E,1,1,0,0,1.0,1.0,1.0
E001_066,E,1,1,0,0,1.0,1.0,1.0
E001_067,E,1,1,0,0,1.0,1.0,1.0
E001_068,E,1,1,0,0,1.0,1.0,1.0
E001_069,E,1,1,0,0,1.0,1.0,1.0
E001_070,E,1,1,0,0,1.0,1.0,1.0
E001_071,E,1,1,0,0,1.0,1.0,1.0
E001_072,E,1,1,0,0,1.0,1.0,1.0
E001_073,E,1,0,3,1,0.0,0.0,0.0
E001_074,E,1,1,0,0,1.0,1.0,1.0
E001_075,E,1,1,0,0,1.0,1.0,1.0
E001_076,E,1,1,0,0,1.0,1.0,1.0
E001_077,E,1,1,0,0,1.0,1.0,1.0
E001_078,E,1,1,0,0,1.0,1.0,1.0
E001_079,E,1,1,0,0,1.0,1.0,1.0
E001_080,E,1,1,0,0,1.0,1.0,1.0
E001_081,E,1,1,0,0,1.0,1.0,1.0
E001_082,E,1,1,0,0,1.0,1.0,1.0
E001_083,E,1,1,0,0,1.0,1.0,1.0
E001_084,E,1,1,0,0,1.0,1.0,1.0
E001_085,E,1,1,0,0,1.0,1.0,1.0
E001_086,E,1,1,0,0,1.0,1.0,1.0
E001_087,E,1,1,0,0,1.0,1.0,1.0
E001_088,E,1,1,0,0,1.0,1.0,1.0
E001_089,E,1,0,4,1,0.0,0.0,0.0
E001_090,E,1,1,0,0,1.0,1.0,1.0
E001_091,E,1,1,0,0,1.0,1.0,1.0
E001_092,E,1,1,0,0,1.0,1.0,1.0
E001_093,E,1,1,0,0,1.0,1.0,1.0
E001_094,E,1,1,0,0,1.0,1.0,1.0
E001_095,E,1,0,3,1,0.0,0.0,0.0
E001_096,E,1,1,0,0,1.0,1.0,1.0
E001_097,E,1,1,0,0,1.0,1.0,1.0
E001_098,E,1,0,2,1,0.0,0.0,0.0
E001_099,E,1,1,0,0,1.0,1.0,1.0
E001_100,E,1,1,0,0,1.0,1.0,1.0
E002_001,E,2,2,0,0,1.0,1.0,1.0
E002_002,E,2,2,0,0,1.0,1.0,1.0
E002_003,E,2,2,0,0,1.0,1.0,1.0
E002_004,E,2,2,0,0,1.0,1.0,1.0
E002_005,E,2,2,0,0,1.0,1.0,1.0
E002_006,E,2,2,0,0,1.0,1.0,1.0
E002_007,E,2,2,0,0,1.0,1.0,1.0
E002_008,E,2,2,0,0,1.0,1.0,1.0
E002_009,E,2,2,0,0,1.0,1.0,1.0
E002_010,E,2,2,0,0,1.0,1.0,1.0
E002_011,E,2,2,0,0,1.0,1.0,1.0
E002_012,E,2,2,0,0,1.0,1.0,1.0
E002_013,E,2,2,0,0,1.0,1.0,1.0
E002_014,E,2,2,0,0,1.0,1.0,1.0
E002_015,E,2,1,2,1,0.5,0.33333,0.25
E002_016,E,2,2,0,0,1.0,1.0,1.0
E002_017,E,2,2,0,0,1.0,1.0,1.0
E002_018,E,2,2,0,0,1.0,1.0,1.0
E002_019,E,2,2,0,0,1.0,1.0,1.0
E002_020,E,2,2,0,0,1.0,1.0,1.0
E002_021,E,2,2,0,0,1.0,1.0,1.0
E002_022,E,2,0,3,2,0.0,0.0,0.0
E002_023,E,2,2,0,0,1.0,1.0,1.0
E002_024,E,2,1,3,1,0.5,0.25,0.2
E002_025,E,2,2,0,0,1.0,1.0,1.0
E002_026,E,2,2,0,0,1.0,1.0,1.0
E002_027,E,2,1,3,1,0.5,0.25,0.2
E002_028,E,2,2,0,0,1.0,1.0,1.0
E002_029,E,2,2,0,0,1.0,1.0,1.0
E002_030,E,2,2,0,0,1.0,1.0,1.0
E002_031,E,2,2,0,0,1.0,1.0,1.0
E002_032,E,2,2,0,0,1.0,1.0,1.0
E002_033,E,2,2,0,0,1.0,1.0,1.0
E002_034,E,2,1,2,1,0.5,0.33333,0.25
E002_035,E,2,2,0,0,1.0,1.0,1.0
E002_036,E,2,2,0,0,1.0,1.0,1.0
E002_037,E,2,2,0,0,1.0,1.0,1.0
E002_038,E,2,1,2,1,0.5,0.33333,0.25
E002_039,E,2,2,0,0,1.0,1.0,1.0
E002_040,E,2,2,0,0,1.0,1.0,1.0
E002_041,E,2,2,0,0,1.0,1.0,1.0
E002_042,E,2,2,0,0,1.0,1.0,1.0
E002_043,E,2,2,0,0,1.0,1.0,1.0
E002_044,E,2,2,0,0,1.0,1.0,1.0
E002_045,E,2,2,0,0,1.0,1.0,1.0
E002_046,E,2,2,0,0,1.0,1.0,1.0
E002_047,E,2,2,0,0,1.0,1.0,1.0
E002_048,E,2,2,0,0,1.0,1.0,1.0
E002_049,E,2,2,0,0,1.0,1.0,1.0
E002_050,E,2,2,0,0,1.0,1.0,1.0
E002_051,E,2,2,0,0,1.0,1.0,1.0
E002_052,E,2,2,0,0,1.0,1.0,1.0
E002_053,E,2,2,0,0,1.0,1.0,1.0
E002_054,E,2,2,0,0,1.0,1.0,1.0
E002_055,E,2,2,0,0,1.0,1.0,1.0
E002_056,E,2,2,0,0,1.0,1.0,1.0
E002_057,E,2,2,0,0,1.0,1.0,1.0
E002_058,E,2,1,3,1,0.5,0.25,0.2
E002_059,E,2,2,0,0,1.0,1.0,1.0
E002_060,E,2,1,3,1,0.5,0.25,0.2
E002_061,E,2,0,2,2,0.0,0.0,0.0
E002_062,E,2,1,2,1,0.5,0.33333,0.25
E002_063,E,2,2,0,0,1.0,1.0,1.0
E002_064,E,2,2,0,0,1.0,1.0,1.0
E002_065,E,2,2,0,0,1.0,1.0,1.0
E002_066,E,2,1,2,1,0.5,0.33333,0.25
E002_067,E,2,0,1,2,0.0,0.0,0.0
E002_068,E,2,2,0,0,1.0,1.0,1.0
E002_069,E,2,2,0,0,1.0,1.0,1.0
E002_070,E,2,2,0,0,1.0,1.0,1.0
E002_071,E,2,2,0,0,1.0,1.0,1.0
E002_072,E,2,1,2,1,0.5,0.33333,0.25
E002_073,E,2,2,0,0,1.0,1.0,1.0
E002_074,E,2,2,0,0,1.0,1.0,1.0
E002_075,E,2,2,0,0,1.0,1.0,1.0
E002_076,E,2,2,0,0,1.0,1.0,1.0
E002_077,E,2,2,0,0,1.0,1.0,1.0
E002_078,E,2,0,1,2,0.0,0.0,0.0
E002_079,E,2,2,0,0,1.0,1.0,1.0
E002_080,E,2,2,0,0,1.0,1.0,1.0
E002_081,E,2,2,0,0,1.0,1.0,1.0
E002_082,E,2,2,0,0,1.0,1.0,1.0
E002_083,E,2,2,0,0,1.0,1.0,1.0
E002_084,E,2,2,0,0,1.0,1.0,1.0
E002_085,E,2,2,0,0,1.0,1.0,1.0
E002_086,E,2,2,0,0,1.0,1.0,1.0
E002_087,E,2,2,0,0,1.0,1.0,1.0
E002_088,E,2,2,0,0,1.0,1.0,1.0
E002_089,E,2,1,2,1,0.5,0.33333,0.25
E002_090,E,2,2,0,0,1.0,1.0,1.0
E002_091,E,2,2,0,0,1.0,1.0,1.0
E002_092,E,2,2,0,0,1.0,1.0,1.0
E002_093,E,2,2,0,0,1.0,1.0,1.0
E002_094,E,2,2,0,0,1.0,1.0,1.0
E002_095,E,2,2,0,0,1.0,1.0,1.0
E002_096,E,2,2,0,0,1.0,1.0,1.0
E002_097,E,2,2,0,0,1.0,1.0,1.0
E002_098,E,2,2,0,0,1.0,1.0,1.0
E002_099,E,2,2,0,0,1.0,1.0,1.0
E002_100,E,2,2,0,0,1.0,1.0,1.0
E004_001,E,4,0,4,4,0.0,0.0,0.0
E004_002,E,4,0,5,4,0.0,0.0,0.0
E004_003,E,4,0,5,4,0.0,0.0,0.0
E004_004,E,4,0,5,4,0.0,0.0,0.0
E004_005,E,4,0,4,4,0.0,0.0,0.0
E004_006,E,4,0,5,4,0.0,0.0,0.0
E004_007,E,4,0,4,4,0.0,0.0,0.0
E004_008,E,4,0,5,4,0.0,0.0,0.0
E004_009,E,4,0,5,4,0.0,0.0,0.0
E004_010,E,4,0,5,4,0.0,0.0,0.0
E004_011,E,4,0,5,4,0.0,0.0,0.0
E004_012,E,4,0,4,4,0.0,0.0,0.0
E004_013,E,4,0,5,4,0.0,0.0,0.0
E004_014,E,4,0,3,4,0.0,0.0,0.0
E004_015,E,4,0,5,4,0.0,0.0,0.0
E004_016,E,4,0,4,4,0.0,0.0,0.0
E004_017,E,4,0,4,4,0.0,0.0,0.0
E004_018,E,4,0,4,4,0.0,0.0,0.0
E004_019,E,4,0,2,4,0.0,0.0,0.0
E004_020,E,4,0,5,4,0.0,0.0,0.0
E004_021,E,4,0,4,4,0.0,0.0,0.0
E004_022,E,4,0,5,4,0.0,0.0,0.0
E004_023,E,4,0,5,4,0.0,0.0,0.0
E004_024,E,4,0,5,4,0.0,0.0,0.0
E004_025,E,4,0,4,4,0.0,0.0,0.0
E004_026,E,4,0,3,4,0.0,0.0,0.0
E004_027,E,4,0,2,4,0.0,0.0,0.0
E004_028,E,4,0,4,4,0.0,0.0,0.0
E004_029,E,4,0,4,4,0.0,0.0,0.0
E004_030,E,4,0,4,4,0.0,0.0,0.0
E004_031,E,4,0,5,4,0.0,0.0,0.0
E004_032,E,4,0,4,4,0.0,0.0,0.0
E004_033,E,4,0,5,4,0.0,0.0,0.0
E004_034,E,4,0,4,4,0.0,0.0,0.0
E004_035,E,4,0,4,4,0.0,0.0,0.0
E004_036,E,4,0,4,4,0.0,0.0,0.0
E004_037,E,4,0,5,4,0.0,0.0,0.0
E004_038,E,4,0,5,4,0.0,0.0,0.0
E004_039,E,4,0,5,4,0.0,0.0,0.0
E004_040,E,4,0,3,4,0.0,0.0,0.0
E004_041,E,4,0,4,4,0.0,0.0,0.0
E004_042,E,4,0,5,4,0.0,0.0,0.0
E004_043,E,4,0,5,4,0.0,0.0,0.0
E004_044,E,4,0,4,4,0.0,0.0,0.0
E004_045,E,4,0,4,4,0.0,0.0,0.0
E004_046,E,4,0,4,4,0.0,0.0,0.0
E004_047,E,4,0,4,4,0.0,0.0,0.0
E004_048,E,4,0,4,4,0.0,0.0,0.0
E004_049,E,4,0,4,4,0.0,0.0,0.0
E004_050,E,4,0,4,4,0.0,0.0,0.0
E004_051,E,4,0,5,4,0.0,0.0,0.0
E004_052,E,4,0,5,4,0.0,0.0,0.0
E004_053,E,4,0,4,4,0.0,0.0,0.0
E004_054,E,4,0,3,4,0.0,0.0,0.0
E004_055,E,4,0,5,4,0.0,0.0,0.0
E004_056,E,4,0,5,4,0.0,0.0,0.0
E004_057,E,4,0,5,4,0.0,0.0,0.0
E004_058,E,4,0,5,4,0.0,0.0,0.0
E004_059,E,4,0,3,4,0.0,0.0,0.0
E004_060,E,4,0,5,4,0.0,0.0,0.0
E004_061,E,4,0,5,4,0.0,0.0,0.0
E004_062,E,4,0,5,4,0.0,0.0,0.0
E004_063,E,4,0,5,4,0.0,0.0,0.0
E004_064,E,4,0,3,4,0.0,0.0,0.0
E004_065,E,4,0,4,4,0.0,0.0,0.0
E004_066,E,4,0,4,4,0.0,0.0,0.0
E004_067,E,4,0,5,4,0.0,0.0,0.0
E004_068,E,4,0,4,4,0.0,0.0,0.0
E004_069,E,4,0,5,4,0.0,0.0,0.0
E004_070,E,4,0,3,4,0.0,0.0,0.0
E004_071,E,4,0,5,4,0.0,0.0,0.0
E004_072,E,4,0,4,4,0.0,0.0,0.0
E004_073,E,4,0,4,4,0.0,0.0,0.0
E004_074,E,4,0,4,4,0.0,0.0,0.0
E004_075,E,4,0,4,4,0.0,0.0,0.0
E004_076,E,4,0,5,4,0.0,0.0,0.0
E004_077,E,4,0,5,4,0.0,0.0,0.0
E004_078,E,4,0,4,4,0.0,0.0,0.0
E004_079,E,4,0,5,4,0.0,0.0,0.0
E004_080,E,4,0,5,4,0.0,0.0,0.0
E004_081,E,4,0,5,4,0.0,0.0,0.0
E004_082,E,4,0,5,4,0.0,0.0,0.0
E004_083,E,4,0,4,4,0.0,0.0,0.0
E004_084,E,4,0,2,4,0.0,0.0,0.0
E004_085,E,4,0,5,4,0.0,0.0,0.0
E004_086,E,4,0,5,4,0.0,0.0,0.0
E004_087,E,4,0,5,4,0.0,0.0,0.0
E004_088,E,4,0,5,4,0.0,0.0,0.0
E004_089,E,4,0,4,4,0.0,0.0,0.0
E004_090,E,4,0,4,4,0.0,0.0,0.0
E004_091,E,4,0,4,4,0.0,0.0,0.0
E004_092,E,4,0,5,4,0.0,0.0,0.0
E004_093,E,4,0,4,4,0.0,0.0,0.0
E004_094,E,4,0,5,4,0.0,0.0,0.0
E004_095,E,4,0,4,4,0.0,0.0,0.0
E004_096,E,4,0,3,4,0.0,0.0,0.0
E004_097,E,4,0,4,4,0.0,0.0,0.0
E004_098,E,4,0,5,4,0.0,0.0,0.0
E004_099,E,4,0,5,4,0.0,0.0,0.0
E004_100,E,4,0,5,4,0.0,0.0,0.0
E005_001,E,5,5,0,0,1.0,1.0,1.0
E005_002,E,5,5,0,0,1.0,1.0,1.0
E005_003,E,5,5,0,0,1.0,1.0,1.0
E005_004,E,5,5,0,0,1.0,1.0,1.0
E005_005,E,5,5,0,0,1.0,1.0,1.0
E005_006,E,5,5,0,0,1.0,1.0,1.0
E005_007,E,5,3,1,2,0.6,0.75,0.5
E005_008,E,5,3,1,2,0.6,0.75,0.5
E005_009,E,5,5,0,0,1.0,1.0,1.0
E005_010,E,5,3,2,2,0.6,0.6,0.42857
E005_011,E,5,3,1,2,0.6,0.75,0.5
E005_012,E,5,5,0,0,1.0,1.0,1.0
E005_013,E,5,5,0,0,1.0,1.0,1.0
E005_014,E,5,5,0,0,1.0,1.0,1.0
E005_015,E,5,5,0,0,1.0,1.0,1.0
E005_016,E,5,5,0,0,1.0,1.0,1.0
E005_017,E,5,5,0,0,1.0,1.0,1.0
E005_018,E,5,2,1,3,0.4,0.66667,0.33333
E005_019,E,5,5,0,0,1.0,1.0,1.0
E005_020,E,5,2,1,3,0.4,0.66667,0.33333
E005_021,E,5,4,2,1,0.8,0.66667,0.57143
E005_022,E,5,5,0,0,1.0,1.0,1.0
E005_023,E,5,5,0,0,1.0,1.0,1.0
E005_024,E,5,5,0,0,1.0,1.0,1.0
E005_025,E,5,5,0,0,1.0,1.0,1.0
E005_026,E,5,5,0,0,1.0,1.0,1.0
E005_027,E,5,1,2,4,0.2,0.33333,0.14286
E005_028,E,5,5,0,0,1.0,1.0,1.0
E005_029,E,5,5,0,0,1.0,1.0,1.0
E005_030,E,5,5,0,0,1.0,1.0,1.0
E005_031,E,5,3,1,2,0.6,0.75,0.5
E005_032,E,5,5,0,0,1.0,1.0,1.0
E005_033,E,5,5,0,0,1.0,1.0,1.0
E005_034,E,5,5,0,0,1.0,1.0,1.0
E005_035,E,5,5,0,0,1.0,1.0,1.0
E005_036,E,5,5,0,0,1.0,1.0,1.0
E005_037,E,5,5,0,0,1.0,1.0,1.0
E005_038,E,5,5,0,0,1.0,1.0,1.0
E005_039,E,5,5,0,0,1.0,1.0,1.0
E005_040,E,5,3,1,2,0.6,0.75,0.5
E005_041,E,5,5,0,0,1.0,1.0,1.0
E005_042,E,5,5,0,0,1.0,1.0,1.0
E005_043,E,5,5,0,0,1.0,1.0,1.0
E005_044,E,5,5,0,0,1.0,1.0,1.0
E005_045,E,5,5,0,0,1.0,1.0,1.0
E005_046,E,5,3,1,2,0.6,0.75,0.5
E005_047,E,5,5,0,0,1.0,1.0,1.0
E005_048,E,5,5,0,0,1.0,1.0,1.0
E005_049,E,5,5,0,0,1.0,1.0,1.0
E005_050,E,5,5,0,0,1.0,1.0,1.0
E005_051,E,5,5,0,0,1.0,1.0,1.0
E005_052,E,5,5,0,0,1.0,1.0,1.0
E005_053,E,5,5,0,0,1.0,1.0,1.0
E005_054,E,5,5,0,0,1.0,1.0,1.0
E005_055,E,5,3,1,2,0.6,0.75,0.5
E005_056,E,5,5,0,0,1.0,1.0,1.0
E005_057,E,5,5,0,0,1.0,1.0,1.0
E005_058,E,5,5,0,0,1.0,1.0,1.0
E005_059,E,5,5,0,0,1.0,1.0,1.0
E005_060,E,5,5,0,0,1.0,1.0,1.0
E005_061,E,5,4,2,1,0.8,0.66667,0.57143
E005_062,E,5,3,1,2,0.6,0.75,0.5
E005_063,E,5,3,1,2,0.6,0.75,0.5
E005_064,E,5,5,0,0,1.0,1.0,1.0
E005_065,E,5,5,0,0,1.0,1.0,1.0
E005_066,E,5,5,0,0,1.0,1.0,1.0
E005_067,E,5,5,0,0,1.0,1.0,1.0
E005_068,E,5,5,0,0,1.0,1.0,1.0
E005_069,E,5,5,0,0,1.0,1.0,1.0
E005_070,E,5,3,1,2,0.6,0.75,0.5
E005_071,E,5,5,0,0,1.0,1.0,1.0
E005_072,E,5,5,0,0,1.0,1.0,1.0
E005_073,E,5,3,1,2,0.6,0.75,0.5
E005_074,E,5,5,0,0,1.0,1.0,1.0
E005_075,E,5,5,0,0,1.0,1.0,1.0
E005_076,E,5,5,0,0,1.0,1.0,1.0
E005_077,E,5,5,0,0,1.0,1.0,1.0
E005_078,E,5,5,0,0,1.0,1.0,1.0
E005_079,E,5,5,0,0,1.0,1.0,1.0
E005_080,E,5,5,0,0,1.0,1.0,1.0
E005_081,E,5,5,0,0,1.0,1.0,1.0
E005_082,E,5,5,0,0,1.0,1.0,1.0
E005_083,E,5,3,2,2,0.6,0.6,0.42857
E005_084,E,5,5,0,0,1.0,1.0,1.0
E005_085,E,5,3,1,2,0.6,0.75,0.5
E005_086,E,5,5,0,0,1.0,1.0,1.0
E005_087,E,5,5,0,0,1.0,1.0,1.0
E005_088,E,5,1,2,4,0.2,0.33333,0.14286
E005_089,E,5,3,1,2,0.6,0.75,0.5
E005_090,E,5,5,0,0,1.0,1.0,1.0
E005_091,E,5,5,0,0,1.0,1.0,1.0
E005_092,E,5,5,0,0,1.0,1.0,1.0
E005_093,E,5,3,1,2,0.6,0.75,0.5
E005_094,E,5,5,0,0,1.0,1.0,1.0
E005_095,E,5,5,0,0,1.0,1.0,1.0
E005_096,E,5,5,0,0,1.0,1.0,1.0
E005_097,E,5,4,2,1,0.8,0.66667,0.57143
E005_098,E,5,3,2,2,0.6,0.6,0.42857
E005_099,E,5,3,2,2,0.6,0.6,0.42857
E005_100,E,5,5,0,0,1.0,1.0,1.0
E010_001,E,10,3,2,7,0.3,0.6,0.25
E010_002,E,10,2,1,8,0.2,0.66667,0.18182
E010_003,E,10,2,1,8,0.2,0.66667,0.18182
E010_004,E,10,1,1,9,0.1,0.5,0.09091
E010_005,E,10,1,3,9,0.1,0.25,0.07692
E010_006,E,10,1,3,9,0.1,0.25,0.07692
E010_007,E,10,1,2,9,0.1,0.33333,0.08333
E010_008,E,10,2,2,8,0.2,0.5,0.16667
E010_009,E,10,2,2,8,0.2,0.5,0.16667
E010_010,E,10,1,2,9,0.1,0.33333,0.08333
E010_011,E,10,2,3,8,0.2,0.4,0.15385
E010_012,E,10,3,2,7,0.3,0.6,0.25
E010_013,E,10,3,2,7,0.3,0.6,0.25
E010_014,E,10,1,3,9,0.1,0.25,0.07692
E010_015,E,10,2,2,8,0.2,0.5,0.16667
E010_016,E,10,2,1,8,0.2,0.66667,0.18182
E010_017,E,10,1,1,9,0.1,0.5,0.09091
E010_018,E,10,1,2,9,0.1,0.33333,0.08333
E010_019,E,10,2,3,8,0.2,0.4,0.15385
E010_020,E,10,3,3,7,0.3,0.5,0.23077
E010_021,E,10,3,2,7,0.3,0.6,0.25
E010_022,E,10,3,3,7,0.3,0.5,0.23077
E010_023,E,10,2,3,8,0.2,0.4,0.15385
E010_024,E,10,2,3,8,0.2,0.4,0.15385
E010_025,E,10,1,2,9,0.1,0.33333,0.08333
E010_026,E,10,2,2,8,0.2,0.5,0.16667
E010_027,E,10,2,2,8,0.2,0.5,0.16667
E010_028,E,10,1,3,9,0.1,0.25,0.07692
E010_029,E,10,1,1,9,0.1,0.5,0.09091
E010_030,E,10,3,2,7,0.3,0.6,0.25
E010_031,E,10,2,3,8,0.2,0.4,0.15385
E010_032,E,10,0,1,10,0.0,0.0,0.0
E010_033,E,10,3,2,7,0.3,0.6,0.25
E010_034,E,10,1,1,9,0.1,0.5,0.09091
E010_035,E,10,3,2,7,0.3,0.6,0.25
E010_036,E,10,3,1,7,0.3,0.75,0.27273
E010_037,E,10,2,1,8,0.2,0.66667,0.18182
E010_038,E,10,2,3,8,0.2,0.4,0.15385
E010_039,E,10,2,3,8,0.2,0.4,0.15385
E010_040,E,10,3,2,7,0.3,0.6,0.25
E010_041,E,10,1,3,9,0.1,0.25,0.07692
E010_042,E,10,1,3,9,0.1,0.25,0.07692
E010_043,E,10,3,1,7,0.3,0.75,0.27273
E010_044,E,10,3,2,7,0.3,0.6,0.25
E010_045,E,10,1,2,9,0.1,0.33333,0.08333
E010_046,E,10,1,3,9,0.1,0.25,0.07692
E010_047,E,10,2,2,8,0.2,0.5,0.16667
E010_048,E,10,2,1,8,0.2,0.66667,0.18182
E010_049,E,10,0,4,10,0.0,0.0,0.0
E010_050,E,10,1,2,9,0.1,0.33333,0.08333
E010_051,E,10,1,2,9,0.1,0.33333,0.08333
E010_052,E,10,1,1,9,0.1,0.5,0.09091
E010_053,E,10,2,2,8,0.2,0.5,0.16667
E010_054,E,10,2,1,8,0.2,0.66667,0.18182
E010_055,E,10,2,2,8,0.2,0.5,0.16667
E010_056,E,10,3,1,7,0.3,0.75,0.27273
E010_057,E,10,1,2,9,0.1,0.33333,0.08333
E010_058,E,10,1,1,9,0.1,0.5,0.09091
E010_059,E,10,2,2,8,0.2,0.5,0.16667
E010_060,E,10,2,2,8,0.2,0.5,0.16667
E010_061,E,10,2,3,8,0.2,0.4,0.15385
E010_062,E,10,3,1,7,0.3,0.75,0.27273
E010_063,E,10,2,3,8,0.2,0.4,0.15385
E010_064,E,10,0,3,10,0.0,0.0,0.0
E010_065,E,10,3,1,7,0.3,0.75,0.27273
E010_066,E,10,3,3,7,0.3,0.5,0.23077
E010_067,E,10,1,3,9,0.1,0.25,0.07692
E010_068,E,10,2,1,8,0.2,0.66667,0.18182
E010_069,E,10,2,2,8,0.2,0.5,0.16667
E010_070,E,10,2,3,8,0.2,0.4,0.15385
E010_071,E,10,0,3,10,0.0,0.0,0.0
E010_072,E,10,2,2,8,0.2,0.5,0.16667
E010_073,E,10,2,2,8,0.2,0.5,0.16667
E010_074,E,10,1,3,9,0.1,0.25,0.07692
E010_075,E,10,1,1,9,0.1,0.5,0.09091
E010_076,E,10,2,2,8,0.2,0.5,0.16667
E010_077,E,10,2,3,8,0.2,0.4,0.15385
E010_078,E,10,3,2,7,0.3,0.6,0.25
E010_079,E,10,3,1,7,0.3,0.75,0.27273
E010_080,E,10,2,3,8,0.2,0.4,0.15385
E010_081,E,10,1,4,9,0.1,0.2,0.07143
E010_082,E,10,1,4,9,0.1,0.2,0.07143
E010_083,E,10,1,3,9,0.1,0.25,0.07692
E010_084,E,10,1,2,9,0.1,0.33333,0.08333
E010_085,E,10,0,3,10,0.0,0.0,0.0
E010_086,E,10,2,2,8,0.2,0.5,0.16667
E010_087,E,10,1,1,9,0.1,0.5,0.09091
E010_088,E,10,1,4,9,0.1,0.2,0.07143
E010_089,E,10,3,2,7,0.3,0.6,0.25
E010_090,E,10,2,3,8,0.2,0.4,0.15385
E010_091,E,10,2,3,8,0.2,0.4,0.15385
E010_092,E,10,3,1,7,0.3,0.75,0.27273
E010_093,E,10,2,3,8,0.2,0.4,0.15385
E010_094,E,10,3,2,7,0.3,0.6,0.25
E010_095,E,10,3,3,7,0.3,0.5,0.23077
E010_096,E,10,2,1,8,0.2,0.66667,0.18182
E010_097,E,10,1,3,9,0.1,0.25,0.07692
E010_098,E,10,2,2,8,0.2,0.5,0.16667
E010_099,E,10,1,4,9,0.1,0.2,0.07143
E010_100,E,10,2,2,8,0.2,0.5,0.16667
E020_001,E,20,0,4,20,0.0,0.0,0.0
E020_002,E,20,0,3,20,0.0,0.0,0.0
E020_003,E,20,0,4,20,0.0,0.0,0.0
E020_004,E,20,0,2,20,0.0,0.0,0.0
E020_005,E,20,0,4,20,0.0,0.0,0.0
E020_006,E,20,0,3,20,0.0,0.0,0.0
E020_007,E,20,0,5,20,0.0,0.0,0.0
E020_008,E,20,0,3,20,0.0,0.0,0.0
E020_009,E,20,0,3,20,0.0,0.0,0.0
E020_010,E,20,0,3,20,0.0,0.0,0.0
E020_011,E,20,0,6,20,0.0,0.0,0.0
E020_012,E,20,0,5,20,0.0,0.0,0.0
E020_013,E,20,0,5,20,0.0,0.0,0.0
E020_014,E,20,0,5,20,0.0,0.0,0.0
E020_015,E,20,0,3,20,0.0,0.0,0.0
E020_016,E,20,0,3,20,0.0,0.0,0.0
E020_017,E,20,0,2,20,0.0,0.0,0.0
E020_018,E,20,0,3,20,0.0,0.0,0.0
E020_019,E,20,0,3,20,0.0,0.0,0.0
E020_020,E,20,0,6,20,0.0,0.0,0.0
E020_021,E,20,0,4,20,0.0,0.0,0.0
E020_022,E,20,0,5,20,0.0,0.0,0.0
E020_023,E,20,0,5,20,0.0,0.0,0.0
E020_024,E,20,0,6,20,0.0,0.0,0.0
E020_025,E,20,0,3,20,0.0,0.0,0.0
E020_026,E,20,0,1,20,0.0,0.0,0.0
E020_027,E,20,0,3,20,0.0,0.0,0.0
E020_028,E,20,0,4,20,0.0,0.0,0.0
E020_029,E,20,0,3,20,0.0,0.0,0.0
E020_030,E,20,0,5,20,0.0,0.0,0.0
E020_031,E,20,0,2,20,0.0,0.0,0.0
E020_032,E,20,0,5,20,0.0,0.0,0.0
E020_033,E,20,0,5,20,0.0,0.0,0.0
E020_034,E,20,0,4,20,0.0,0.0,0.0
E020_035,E,20,0,4,20,0.0,0.0,0.0
E020_036,E,20,0,4,20,0.0,0.0,0.0
E020_037,E,20,0,5,20,0.0,0.0,0.0
E020_038,E,20,0,5,20,0.0,0.0,0.0
E020_039,E,20,0,4,20,0.0,0.0,0.0
E020_040,E,20,0,6,20,0.0,0.0,0.0
E020_041,E,20,0,4,20,0.0,0.0,0.0
E020_042,E,20,0,4,20,0.0,0.0,0.0
E020_043,E,20,0,4,20,0.0,0.0,0.0
E020_044,E,20,0,5,20,0.0,0.0,0.0
E020_045,E,20,0,3,20,0.0,0.0,0.0
E020_046,E,20,0,4,20,0.0,0.0,0.0
E020_047,E,20,0,2,20,0.0,0.0,0.0
E020_048,E,20,0,4,20,0.0,0.0,0.0
E020_049,E,20,0,2,20,0.0,0.0,0.0
E020_050,E,20,0,3,20,0.0,0.0,0.0
E020_051,E,20,0,5,20,0.0,0.0,0.0
E020_052,E,20,0,3,20,0.0,0.0,0.0
E020_053,E,20,0,3,20,0.0,0.0,0.0
E020_054,E,20,0,3,20,0.0,0.0,0.0
E020_055,E,20,0,4,20,0.0,0.0,0.0
E020_056,E,20,0,3,20,0.0,0.0,0.0
E020_057,E,20,0,2,20,0.0,0.0,0.0
E020_058,E,20,0,6,20,0.0,0.0,0.0
E020_059,E,20,0,3,20,0.0,0.0,0.0
E020_060,E,20,0,5,20,0.0,0.0,0.0
E020_061,E,20,0,4,20,0.0,0.0,0.0
E020_062,E,20,0,3,20,0.0,0.0,0.0
E020_063,E,20,0,3,20,0.0,0.0,0.0
E020_064,E,20,0,4,20,0.0,0.0,0.0
E020_065,E,20,0,5,20,0.0,0.0,0.0
E020_066,E,20,0,4,20,0.0,0.0,0.0
E020_067,E,20,0,2,20,0.0,0.0,0.0
E020_068,E,20,0,6,20,0.0,0.0,0.0
E020_069,E,20,0,3,20,0.0,0.0,0.0
E020_070,E,20,0,4,20,0.0,0.0,0.0
E020_071,E,20,0,4,20,0.0,0.0,0.0
E020_072,E,20,0,5,20,0.0,0.0,0.0
E020_073,E,20,0,5,20,0.0,0.0,0.0
E020_074,E,20,0,2,20,0.0,0.0,0.0
E020_075,E,20,0,4,20,0.0,0.0,0.0
E020_076,E,20,0,3,20,0.0,0.0,0.0
E020_077,E,20,0,5,20,0.0,0.0,0.0
E020_078,E,20,0,5,20,0.0,0.0,0.0
E020_079,E,20,0,2,20,0.0,0.0,0.0
E020_080,E,20,0,2,20,0.0,0.0,0.0
E020_081,E,20,0,4,20,0.0,0.0,0.0
E020_082,E,20,0,5,20,0.0,0.0,0.0
E020_083,E,20,0,5,20,0.0,0.0,0.0
E020_084,E,20,0,3,20,0.0,0.0,0.0
E020_085,E,20,0,4,20,0.0,0.0,0.0
E020_086,E,20,0,3,20,0.0,0.0,0.0
E020_087,E,20,0,3,20,0.0,0.0,0.0
E020_088,E,20,0,3,20,0.0,0.0,0.0
E020_089,E,20,0,2,20,0.0,0.0,0.0
E020_090,E,20,0,3,20,0.0,0.0,0.0
E020_091,E,20,0,2,20,0.0,0.0,0.0
E020_092,E,20,0,4,20,0.0,0.0,0.0
E020_093,E,20,0,3,20,0.0,0.0,0.0
E020_094,E,20,0,5,20,0.0,0.0,0.0
E020_095,E,20,0,2,20,0.0,0.0,0.0
E020_096,E,20,0,3,20,0.0,0.0,0.0
E020_097,E,20,0,4,20,0.0,0.0,0.0
E020_098,E,20,0,1,20,0.0,0.0,0.0
E020_099,E,20,0,5,20,0.0,0.0,0.0
E020_100,E,20,0,2,20,0.0,0.0,0.0
E025_001,E,25,0,5,25,0.0,0.0,0.0
E025_002,E,25,0,2,25,0.0,0.0,0.0
E025_003,E,25,0,5,25,0.0,0.0,0.0
E025_004,E,25,0,4,25,0.0,0.0,0.0
E025_005,E,25,0,6,25,0.0,0.0,0.0
E025_006,E,25,0,4,25,0.0,0.0,0.0
E025_007,E,25,0,3,25,0.0,0.0,0.0
E025_008,E,25,0,1,25,0.0,0.0,0.0
E025_009,E,25,0,5,25,0.0,0.0,0.0
E025_010,E,25,0,4,25,0.0,0.0,0.0
E025_011,E,25,0,5,25,0.0,0.0,0.0
E025_012,E,25,0,3,25,0.0,0.0,0.0
E025_013,E,25,0,2,25,0.0,0.0,0.0
E025_014,E,25,0,5,25,0.0,0.0,0.0
E025_015,E,25,0,5,25,0.0,0.0,0.0
E025_016,E,25,0,3,25,0.0,0.0,0.0
E025_017,E,25,0,2,25,0.0,0.0,0.0
E025_018,E,25,0,3,25,0.0,0.0,0.0
E025_019,E,25,0,5,25,0.0,0.0,0.0
E025_020,E,25,0,4,25,0.0,0.0,0.0
E025_021,E,25,0,3,25,0.0,0.0,0.0
E025_022,E,25,0,2,25,0.0,0.0,0.0
E025_023,E,25,0,2,25,0.0,0.0,0.0
E025_024,E,25,0,2,25,0.0,0.0,0.0
E025_025,E,25,0,4,25,0.0,0.0,0.0
E025_026,E,25,0,5,25,0.0,0.0,0.0
E025_027,E,25,0,2,25,0.0,0.0,0.0
E025_028,E,25,0,4,25,0.0,0.0,0.0
E025_029,E,25,0,3,25,0.0,0.0,0.0
E025_030,E,25,0,4,25,0.0,0.0,0.0
E025_031,E,25,0,4,25,0.0,0.0,0.0
E025_032,E,25,0,3,25,0.0,0.0,0.0
E025_033,E,25,0,3,25,0.0,0.0,0.0
E025_034,E,25,0,3,25,0.0,0.0,0.0
E025_035,E,25,0,5,25,0.0,0.0,0.0
E025_036,E,25,0,1,25,0.0,0.0,0.0
E025_037,E,25,0,3,25,0.0,0.0,0.0
E025_038,E,25,0,5,25,0.0,0.0,0.0
E025_039,E,25,0,4,25,0.0,0.0,0.0
E025_040,E,25,0,4,25,0.0,0.0,0.0
E025_041,E,25,0,4,25,0.0,0.0,0.0
E025_042,E,25,0,4,25,0.0,0.0,0.0
E025_043,E,25,0,4,25,0.0,0.0,0.0
E025_044,E,25,0,1,25,0.0,0.0,0.0
E025_045,E,25,0,4,25,0.0,0.0,0.0
E025_046,E,25,0,2,25,0.0,0.0,0.0
E025_047,E,25,0,2,25,0.0,0.0,0.0
E025_048,E,25,0,4,25,0.0,0.0,0.0
E025_049,E,25,0,6,25,0.0,0.0,0.0
E025_050,E,25,0,5,25,0.0,0.0,0.0
E025_051,E,25,0,4,25,0.0,0.0,0.0
E025_052,E,25,0,2,25,0.0,0.0,0.0
E025_053,E,25,0,4,25,0.0,0.0,0.0
E025_054,E,25,0,5,25,0.0,0.0,0.0
E025_055,E,25,0,5,25,0.0,0.0,0.0
E025_056,E,25,0,1,25,0.0,0.0,0.0
E025_057,E,25,0,4,25,0.0,0.0,0.0
E025_058,E,25,0,5,25,0.0,0.0,0.0
E025_059,E,25,0,4,25,0.0,0.0,0.0
E025_060,E,25,0,3,25,0.0,0.0,0.0
E025_061,E,25,0,5,25,0.0,0.0,0.0
E025_062,E,25,0,4,25,0.0,0.0,0.0
E025_063,E,25,0,4,25,0.0,0.0,0.0
E025_064,E,25,0,4,25,0.0,0.0,0.0
E025_065,E,25,0,5,25,0.0,0.0,0.0
E025_066,E,25,0,3,25,0.0,0.0,0.0
E025_067,E,25,0,5,25,0.0,0.0,0.0
E025_068,E,25,0,3,25,0.0,0.0,0.0
E025_069,E,25,0,4,25,0.0,0.0,0.0
E025_070,E,25,0,2,25,0.0,0.0,0.0
E025_071,E,25,0,4,25,0.0,0.0,0.0
E025_072,E,25,0,5,25,0.0,0.0,0.0
E025_073,E,25,0,4,25,0.0,0.0,0.0
E025_074,E,25,0,4,25,0.0,0.0,0.0
E025_075,E,25,0,5,25,0.0,0.0,0.0
E025_076,E,25,0,4,25,0.0,0.0,0.0
E025_077,E,25,0,2,25,0.0,0.0,0.0
E025_078,E,25,0,4,25,0.0,0.0,0.0
E025_079,E,25,0,5,25,0.0,0.0,0.0
E025_080,E,25,0,3,25,0.0,0.0,0.0
E025_081,E,25,0,4,25,0.0,0.0,0.0
E025_082,E,25,0,4,25,0.0,0.0,0.0
E025_083,E,25,0,3,25,0.0,0.0,0.0
E025_084,E,25,0,4,25,0.0,0.0,0.0
E025_085,E,25,0,4,25,0.0,0.0,0.0
E025_086,E,25,0,4,25,0.0,0.0,0.0
E025_087,E,25,0,4,25,0.0,0.0,0.0
E025_088,E,25,0,4,25,0.0,0.0,0.0
E025_089,E,25,0,2,25,0.0,0.0,0.0
E025_090,E,25,0,3,25,0.0,0.0,0.0
E025_091,E,25,0,4,25,0.0,0.0,0.0
E025_092,E,25,0,4,25,0.0,0.0,0.0
E025_093,E,25,0,4,25,0.0,0.0,0.0
E025_094,E,25,0,4,25,0.0,0.0,0.0
E025_095,E,25,0,4,25,0.0,0.0,0.0
E025_096,E,25,0,3,25,0.0,0.0,0.0
E025_097,E,25,0,5,25,0.0,0.0,0.0
E025_098,E,25,0,2,25,0.0,0.0,0.0
E025_099,E,25,0,3,25,0.0,0.0,0.0
E025_100,E,25,0,4,25,0.0,0.0,0.0
E040_001,E,40,0,2,40,0.0,0.0,0.0
E040_002,E,40,0,5,40,0.0,0.0,0.0
E040_003,E,40,0,5,40,0.0,0.0,0.0
E040_004,E,40,0,3,40,0.0,0.0,0.0
E040_005,E,40,0,4,40,0.0,0.0,0.0
E040_006,E,40,0,2,40,0.0,0.0,0.0
E040_007,E,40,0,3,40,0.0,0.0,0.0
E040_008,E,40,0,4,40,0.0,0.0,0.0
E040_009,E,40,0,5,40,0.0,0.0,0.0
E040_010,E,40,0,2,40,0.0,0.0,0.0
E040_011,E,40,0,5,40,0.0,0.0,0.0
E040_012,E,40,0,5,40,0.0,0.0,0.0
E040_013,E,40,0,4,40,0.0,0.0,0.0
E040_014,E,40,0,5,40,0.0,0.0,0.0
E040_015,E,40,0,3,40,0.0,0.0,0.0
E040_016,E,40,0,4,40,0.0,0.0,0.0
E040_017,E,40,0,5,40,0.0,0.0,0.0
E040_018,E,40,0,3,40,0.0,0.0,0.0
E040_019,E,40,0,3,40,0.0,0.0,0.0
E040_020,E,40,0,4,40,0.0,0.0,0.0
E040_021,E,40,0,3,40,0.0,0.0,0.0
E040_022,E,40,0,3,40,0.0,0.0,0.0
E040_023,E,40,0,2,40,0.0,0.0,0.0
E040_024,E,40,0,5,40,0.0,0.0,0.0
E040_025,E,40,0,2,40,0.0,0.0,0.0
E040_026,E,40,0,3,40,0.0,0.0,0.0
E040_027,E,40,0,4,40,0.0,0.0,0.0
E040_028,E,40,0,2,40,0.0,0.0,0.0
E040_029,E,40,0,2,40,0.0,0.0,0.0
E040_030,E,40,0,4,40,0.0,0.0,0.0
E040_031,E,40,0,4,40,0.0,0.0,0.0
E040_032,E,40,0,3,40,0.0,0.0,0.0
E040_033,E,40,0,5,40,0.0,0.0,0.0
E040_034,E,40,0,2,40,0.0,0.0,0.0
E040_035,E,40,0,3,40,0.0,0.0,0.0
E040_036,E,40,0,3,40,0.0,0.0,0.0
E040_037,E,40,0,5,40,0.0,0.0,0.0
E040_038,E,40,0,3,40,0.0,0.0,0.0
E040_039,E,40,0,2,40,0.0,0.0,0.0
E040_040,E,40,0,5,40,0.0,0.0,0.0
E040_041,E,40,0,5,40,0.0,0.0,0.0
E040_042,E,40,0,5,40,0.0,0.0,0.0
E040_043,E,40,0,4,40,0.0,0.0,0.0
E040_044,E,40,0,4,40,0.0,0.0,0.0
E040_045,E,40,0,3,40,0.0,0.0,0.0
E040_046,E,40,0,3,40,0.0,0.0,0.0
E040_047,E,40,0,3,40,0.0,0.0,0.0
E040_048,E,40,0,3,40,0.0,0.0,0.0
E040_049,E,40,0,5,40,0.0,0.0,0.0
E040_050,E,40,0,2,40,0.0,0.0,0.0
E040_051,E,40,0,4,40,0.0,0.0,0.0
E040_052,E,40,0,3,40,0.0,0.0,0.0
E040_053,E,40,0,4,40,0.0,0.0,0.0
E040_054,E,40,0,3,40,0.0,0.0,0.0
E040_055,E,40,0,4,40,0.0,0.0,0.0
E040_056,E,40,0,4,40,0.0,0.0,0.0
E040_057,E,40,0,4,40,0.0,0.0,0.0
E040_058,E,40,0,2,40,0.0,0.0,0.0
E040_059,E,40,0,3,40,0.0,0.0,0.0
E040_060,E,40,0,4,40,0.0,0.0,0.0
E040_061,E,40,0,4,40,0.0,0.0,0.0
E040_062,E,40,0,5,40,0.0,0.0,0.0
E040_063,E,40,0,5,40,0.0,0.0,0.0
E040_064,E,40,0,3,40,0.0,0.0,0.0
E040_065,E,40,0,4,40,0.0,0.0,0.0
E040_066,E,40,0,3,40,0.0,0.0,0.0
E040_067,E,40,0,3,40,0.0,0.0,0.0
E040_068,E,40,0,3,40,0.0,0.0,0.0
E040_069,E,40,0,4,40,0.0,0.0,0.0
E040_070,E,40,0,4,40,0.0,0.0,0.0
E040_071,E,40,0,3,40,0.0,0.0,0.0
E040_072,E,40,0,3,40,0.0,0.0,0.0
E040_073,E,40,0,3,40,0.0,0.0,0.0
E040_074,E,40,0,4,40,0.0,0.0,0.0
E040_075,E,40,0,3,40,0.0,0.0,0.0
E040_076,E,40,0,1,40,0.0,0.0,0.0
E040_077,E,40,0,3,40,0.0,0.0,0.0
E040_078,E,40,0,4,40,0.0,0.0,0.0
E040_079,E,40,0,2,40,0.0,0.0,0.0
E040_080,E,40,0,4,40,0.0,0.0,0.0
E040_081,E,40,0,2,40,0.0,0.0,0.0
E040_082,E,40,0,3,40,0.0,0.0,0.0
E040_083,E,40,0,4,40,0.0,0.0,0.0
E040_084,E,40,0,4,40,0.0,0.0,0.0
E040_085,E,40,0,3,40,0.0,0.0,0.0
E040_086,E,40,0,3,40,0.0,0.0,0.0
E040_087,E,40,0,3,40,0.0,0.0,0.0
E040_088,E,40,0,3,40,0.0,0.0,0.0
E040_089,E,40,0,5,40,0.0,0.0,0.0
E040_090,E,40,0,2,40,0.0,0.0,0.0
E040_091,E,40,0,1,40,0.0,0.0,0.0
E040_092,E,40,0,3,40,0.0,0.0,0.0
E040_093,E,40,0,4,40,0.0,0.0,0.0
E040_094,E,40,0,4,40,0.0,0.0,0.0
E040_095,E,40,0,4,40,0.0,0.0,0.0
E040_096,E,40,0,4,40,0.0,0.0,0.0
E040_097,E,40,0,4,40,0.0,0.0,0.0
E040_098,E,40,0,2,40,0.0,0.0,0.0
E040_099,E,40,0,4,40,0.0,0.0,0.0
E040_100,E,40,0,4,40,0.0,0.0,0.0
E050_001,E,50,0,4,50,0.0,0.0,0.0
E050_002,E,50,0,5,50,0.0,0.0,0.0
E050_003,E,50,0,5,50,0.0,0.0,0.0
E050_004,E,50,0,4,50,0.0,0.0,0.0
E050_005,E,50,0,1,50,0.0,0.0,0.0
E050_006,E,50,0,5,50,0.0,0.0,0.0
E050_007,E,50,0,3,50,0.0,0.0,0.0
E050_008,E,50,0,5,50,0.0,0.0,0.0
E050_009,E,50,0,3,50,0.0,0.0,0.0
E050_010,E,50,0,3,50,0.0,0.0,0.0
E050_011,E,50,0,4,50,0.0,0.0,0.0
E050_012,E,50,0,4,50,0.0,0.0,0.0
E050_013,E,50,0,2,50,0.0,0.0,0.0
E050_014,E,50,0,3,50,0.0,0.0,0.0
E050_015,E,50,0,5,50,0.0,0.0,0.0
E050_016,E,50,0,4,50,0.0,0.0,0.0
E050_017,E,50,0,5,50,0.0,0.0,0.0
E050_018,E,50,0,3,50,0.0,0.0,0.0
E050_019,E,50,0,2,50,0.0,0.0,0.0
E050_020,E,50,0,3,50,0.0,0.0,0.0
E050_021,E,50,0,3,50,0.0,0.0,0.0
E050_022,E,50,0,3,50,0.0,0.0,0.0
E050_023,E,50,0,4,50,0.0,0.0,0.0
E050_024,E,50,0,4,50,0.0,0.0,0.0
E050_025,E,50,0,4,50,0.0,0.0,0.0
E050_026,E,50,0,3,50,0.0,0.0,0.0
E050_027,E,50,0,3,50,0.0,0.0,0.0
E050_028,E,50,0,4,50,0.0,0.0,0.0
E050_029,E,50,0,4,50,0.0,0.0,0.0
E050_030,E,50,0,4,50,0.0,0.0,0.0
E050_031,E,50,0,4,50,0.0,0.0,0.0
E050_032,E,50,0,3,50,0.0,0.0,0.0
E050_033,E,50,0,4,50,0.0,0.0,0.0
E050_034,E,50,0,4,50,0.0,0.0,0.0
E050_035,E,50,0,3,50,0.0,0.0,0.0
E050_036,E,50,0,5,50,0.0,0.0,0.0
E050_037,E,50,0,2,50,0.0,0.0,0.0
E050_038,E,50,0,4,50,0.0,0.0,0.0
E050_039,E,50,0,4,50,0.0,0.0,0.0
E050_040,E,50,0,3,50,0.0,0.0,0.0
E050_041,E,50,0,5,50,0.0,0.0,0.0
E050_042,E,50,0,4,50,0.0,0.0,0.0
E050_043,E,50,0,4,50,0.0,0.0,0.0
E050_044,E,50,0,4,50,0.0,0.0,0.0
E050_045,E,50,0,2,50,0.0,0.0,0.0
E050_046,E,50,0,3,50,0.0,0.0,0.0
E050_047,E,50,0,3,50,0.0,0.0,0.0
E050_048,E,50,0,5,50,0.0,0.0,0.0
E050_049,E,50,0,5,50,0.0,0.0,0.0
E050_050,E,50,0,2,50,0.0,0.0,0.0
E050_051,E,50,0,2,50,0.0,0.0,0.0
E050_052,E,50,0,3,50,0.0,0.0,0.0
E050_053,E,50,0,6,50,0.0,0.0,0.0
E050_054,E,50,0,3,50,0.0,0.0,0.0
E050_055,E,50,0,5,50,0.0,0.0,0.0
E050_056,E,50,0,3,50,0.0,0.0,0.0
E050_057,E,50,0,2,50,0.0,0.0,0.0
E050_058,E,50,0,2,50,0.0,0.0,0.0
E050_059,E,50,0,3,50,0.0,0.0,0.0
E050_060,E,50,0,5,50,0.0,0.0,0.0
E050_061,E,50,0,2,50,0.0,0.0,0.0
E050_062,E,50,0,4,50,0.0,0.0,0.0
E050_063,E,50,0,3,50,0.0,0.0,0.0
E050_064,E,50,0,6,50,0.0,0.0,0.0
E050_065,E,50,0,2,50,0.0,0.0,0.0
E050_066,E,50,0,4,50,0.0,0.0,0.0
E050_067,E,50,0,4,50,0.0,0.0,0.0
E050_068,E,50,0,3,50,0.0,0.0,0.0
E050_069,E,50,0,4,50,0.0,0.0,0.0
E050_070,E,50,0,4,50,0.0,0.0,0.0
E050_071,E,50,0,5,50,0.0,0.0,0.0
E050_072,E,50,0,1,50,0.0,0.0,0.0
E050_073,E,50,0,3,50,0.0,0.0,0.0
E050_074,E,50,0,2,50,0.0,0.0,0.0
E050_075,E,50,0,4,50,0.0,0.0,0.0
E050_076,E,50,0,2,50,0.0,0.0,0.0
E050_077,E,50,0,4,50,0.0,0.0,0.0
E050_078,E,50,0,3,50,0.0,0.0,0.0
E050_079,E,50,0,4,50,0.0,0.0,0.0
E050_080,E,50,0,4,50,0.0,0.0,0.0
E050_081,E,50,0,2,50,0.0,0.0,0.0
E050_082,E,50,0,2,50,0.0,0.0,0.0
E050_083,E,50,0,3,50,0.0,0.0,0.0
E050_084,E,50,0,3,50,0.0,0.0,0.0
E050_085,E,50,0,5,50,0.0,0.0,0.0
E050_086,E,50,0,2,50,0.0,0.0,0.0
E050_087,E,50,0,4,50,0.0,0.0,0.0
E050_088,E,50,0,3,50,0.0,0.0,0.0
E050_089,E,50,0,4,50,0.0,0.0,0.0
E050_090,E,50,0,3,50,0.0,0.0,0.0
E050_091,E,50,0,2,50,0.0,0.0,0.0
E050_092,E,50,0,3,50,0.0,0.0,0.0
E050_093,E,50,0,4,50,0.0,0.0,0.0
E050_094,E,50,0,2,50,0.0,0.0,0.0
E050_095,E,50,0,4,50,0.0,0.0,0.0
E050_096,E,50,0,3,50,0.0,0.0,0.0
E050_097,E,50,0,2,50,0.0,0.0,0.0
E050_098,E,50,0,4,50,0.0,0.0,0.0
E050_099,E,50,0,5,50,0.0,0.0,0.0
E050_100,E,50,0,3,50,0.0,0.0,0.0
E080_001,E,80,0,3,80,0.0,0.0,0.0
E080_002,E,80,0,4,80,0.0,0.0,0.0
E080_003,E,80,0,4,80,0.0,0.0,0.0
E080_004,E,80,0,4,80,0.0,0.0,0.0
E080_005,E,80,0,3,80,0.0,0.0,0.0
E080_006,E,80,0,4,80,0.0,0.0,0.0
E080_007,E,80,0,3,80,0.0,0.0,0.0
E080_008,E,80,0,4,80,0.0,0.0,0.0
E080_009,E,80,0,4,80,0.0,0.0,0.0
E080_010,E,80,0,3,80,0.0,0.0,0.0
E080_011,E,80,0,2,80,0.0,0.0,0.0
E080_012,E,80,0,2,80,0.0,0.0,0.0
E080_013,E,80,0,5,80,0.0,0.0,0.0
E080_014,E,80,0,6,80,0.0,0.0,0.0
E080_015,E,80,0,4,80,0.0,0.0,0.0
E080_016,E,80,0,3,80,0.0,0.0,0.0
E080_017,E,80,0,2,80,0.0,0.0,0.0
E080_018,E,80,0,5,80,0.0,0.0,0.0
E080_019,E,80,0,3,80,0.0,0.0,0.0
E080_020,E,80,0,2,80,0.0,0.0,0.0
E080_021,E,80,0,4,80,0.0,0.0,0.0
E080_022,E,80,0,3,80,0.0,0.0,0.0
E080_023,E,80,0,2,80,0.0,0.0,0.0
E080_024,E,80,0,4,80,0.0,0.0,0.0
E080_025,E,80,0,2,80,0.0,0.0,0.0
E080_026,E,80,0,3,80,0.0,0.0,0.0
E080_027,E,80,0,3,80,0.0,0.0,0.0
E080_028,E,80,0,3,80,0.0,0.0,0.0
E080_029,E,80,0,2,80,0.0,0.0,0.0
E080_030,E,80,0,3,80,0.0,0.0,0.0
E080_031,E,80,0,3,80,0.0,0.0,0.0
E080_032,E,80,0,6,80,0.0,0.0,0.0
E080_033,E,80,0,3,80,0.0,0.0,0.0
E080_034,E,80,0,5,80,0.0,0.0,0.0
E080_035,E,80,0,3,80,0.0,0.0,0.0
E080_036,E,80,0,4,80,0.0,0.0,0.0
E080_037,E,80,0,4,80,0.0,0.0,0.0
E080_038,E,80,0,3,80,0.0,0.0,0.0
E080_039,E,80,0,3,80,0.0,0.0,0.0
E080_040,E,80,0,3,80,0.0,0.0,0.0
E080_041,E,80,0,5,80,0.0,0.0,0.0
E080_042,E,80,0,3,80,0.0,0.0,0.0
E080_043,E,80,0,3,80,0.0,0.0,0.0
E080_044,E,80,0,4,80,0.0,0.0,0.0
E080_045,E,80,0,3,80,0.0,0.0,0.0
E080_046,E,80,0,3,80,0.0,0.0,0.0
E080_047,E,80,0,4,80,0.0,0.0,0.0
E080_048,E,80,0,3,80,0.0,0.0,0.0
E080_049,E,80,0,3,80,0.0,0.0,0.0
E080_050,E,80,0,5,80,0.0,0.0,0.0
E080_051,E,80,0,3,80,0.0,0.0,0.0
E080_052,E,80,0,2,80,0.0,0.0,0.0
E080_053,E,80,0,5,80,0.0,0.0,0.0
E080_054,E,80,0,4,80,0.0,0.0,0.0
E080_055,E,80,0,4,80,0.0,0.0,0.0
E080_056,E,80,0,4,80,0.0,0.0,0.0
E080_057,E,80,0,3,80,0.0,0.0,0.0
E080_058,E,80,0,5,80,0.0,0.0,0.0
E080_059,E,80,0,3,80,0.0,0.0,0.0
E080_060,E,80,0,4,80,0.0,0.0,0.0
E080_061,E,80,0,3,80,0.0,0.0,0.0
E080_062,E,80,0,4,80,0.0,0.0,0.0
E080_063,E,80,0,3,80,0.0,0.0,0.0
E080_064,E,80,0,4,80,0.0,0.0,0.0
E080_065,E,80,0,3,80,0.0,0.0,0.0
E080_066,E,80,0,3,80,0.0,0.0,0.0
E080_067,E,80,0,3,80,0.0,0.0,0.0
E080_068,E,80,0,4,80,0.0,0.0,0.0
E080_069,E,80,0,3,80,0.0,0.0,0.0
E080_070,E,80,0,3,80,0.0,0.0,0.0
E080_071,E,80,0,2,80,0.0,0.0,0.0
E080_072,E,80,0,3,80,0.0,0.0,0.0
E080_073,E,80,0,3,80,0.0,0.0,0.0
E080_074,E,80,0,5,80,0.0,0.0,0.0
E080_075,E,80,0,4,80,0.0,0.0,0.0
E080_076,E,80,0,3,80,0.0,0.0,0.0
E080_077,E,80,0,5,80,0.0,0.0,0.0
E080_078,E,80,0,3,80,0.0,0.0,0.0
E080_079,E,80,0,4,80,0.0,0.0,0.0
E080_080,E,80,0,3,80,0.0,0.0,0.0
E080_081,E,80,0,3,80,0.0,0.0,0.0
E080_082,E,80,0,5,80,0.0,0.0,0.0
E080_083,E,80,0,4,80,0.0,0.0,0.0
E080_084,E,80,0,5,80,0.0,0.0,0.0
E080_085,E,80,0,3,80,0.0,0.0,0.0
E080_086,E,80,0,6,80,0.0,0.0,0.0
E080_087,E,80,0,4,80,0.0,0.0,0.0
E080_088,E,80,0,3,80,0.0,0.0,0.0
E080_089,E,80,0,3,80,0.0,0.0,0.0
E080_090,E,80,0,3,80,0.0,0.0,0.0
E080_091,E,80,0,2,80,0.0,0.0,0.0
E080_092,E,80,0,3,80,0.0,0.0,0.0
E080_093,E,80,0,3,80,0.0,0.0,0.0
E080_094,E,80,0,4,80,0.0,0.0,0.0
E080_095,E,80,0,4,80,0.0,0.0,0.0
E080_096,E,80,0,2,80,0.0,0.0,0.0
E080_097,E,80,0,4,80,0.0,0.0,0.0
E080_098,E,80,0,4,80,0.0,0.0,0.0
E080_099,E,80,0,3,80,0.0,0.0,0.0
E080_100,E,80,0,4,80,0.0,0.0,0.0
E100_001,E,100,0,5,100,0.0,0.0,0.0
E100_002,E,100,0,3,100,0.0,0.0,0.0
E100_003,E,100,0,2,100,0.0,0.0,0.0
E100_004,E,100,0,4,100,0.0,0.0,0.0
E100_005,E,100,0,2,100,0.0,0.0,0.0
E100_006,E,100,0,3,100,0.0,0.0,0.0
E100_007,E,100,0,4,100,0.0,0.0,0.0
E100_008,E,100,0,5,100,0.0,0.0,0.0
E100_009,E,100,0,4,100,0.0,0.0,0.0
E100_010,E,100,0,5,100,0.0,0.0,0.0
E100_011,E,100,0,4,100,0.0,0.0,0.0
E100_012,E,100,0,3,100,0.0,0.0,0.0
E100_013,E,100,0,4,100,0.0,0.0,0.0
E100_014,E,100,0,4,100,0.0,0.0,0.0
E100_015,E,100,0,5,100,0.0,0.0,0.0
E100_016,E,100,0,2,100,0.0,0.0,0.0
E100_017,E,100,0,3,100,0.0,0.0,0.0
E100_018,E,100,0,4,100,0.0,0.0,0.0
E100_019,E,100,0,3,100,0.0,0.0,0.0
E100_020,E,100,0,2,100,0.0,0.0,0.0
E100_021,E,100,0,3,100,0.0,0.0,0.0
E100_022,E,100,0,2,100,0.0,0.0,0.0
E100_023,E,100,0,2,100,0.0,0.0,0.0
E100_024,E,100,0,3,100,0.0,0.0,0.0
E100_025,E,100,0,2,100,0.0,0.0,0.0
E100_026,E,100,0,2,100,0.0,0.0,0.0
E100_027,E,100,0,4,100,0.0,0.0,0.0
E100_028,E,100,0,2,100,0.0,0.0,0.0
E100_029,E,100,0,4,100,0.0,0.0,0.0
E100_030,E,100,0,4,100,0.0,0.0,0.0
E100_031,E,100,0,3,100,0.0,0.0,0.0
E100_032,E,100,0,3,100,0.0,0.0,0.0
E100_033,E,100,0,3,100,0.0,0.0,0.0
E100_034,E,100,0,3,100,0.0,0.0,0.0
E100_035,E,100,0,4,100,0.0,0.0,0.0
E100_036,E,100,0,5,100,0.0,0.0,0.0
E100_037,E,100,0,2,100,0.0,0.0,0.0
E100_038,E,100,0,3,100,0.0,0.0,0.0
E100_039,E,100,0,4,100,0.0,0.0,0.0
E100_040,E,100,0,2,100,0.0,0.0,0.0
E100_041,E,100,0,3,100,0.0,0.0,0.0
E100_042,E,100,0,5,100,0.0,0.0,0.0
E100_043,E,100,0,3,100,0.0,0.0,0.0
E100_044,E,100,0,3,100,0.0,0.0,0.0
E100_045,E,100,0,4,100,0.0,0.0,0.0
E100_046,E,100,0,3,100,0.0,0.0,0.0
E100_047,E,100,0,4,100,0.0,0.0,0.0
E100_048,E,100,0,4,100,0.0,0.0,0.0
E100_049,E,100,0,5,100,0.0,0.0,0.0
E100_050,E,100,0,3,100,0.0,0.0,0.0
E100_051,E,100,0,4,100,0.0,0.0,0.0
E100_052,E,100,0,3,100,0.0,0.0,0.0
E100_053,E,100,0,2,100,0.0,0.0,0.0
E100_054,E,100,0,3,100,0.0,0.0,0.0
E100_055,E,100,0,3,100,0.0,0.0,0.0
E100_056,E,100,0,3,100,0.0,0.0,0.0
E100_057,E,100,0,2,100,0.0,0.0,0.0
E100_058,E,100,0,2,100,0.0,0.0,0.0
E100_059,E,100,0,4,100,0.0,0.0,0.0
E100_060,E,100,0,2,100,0.0,0.0,0.0
E100_061,E,100,0,5,100,0.0,0.0,0.0
E100_062,E,100,0,4,100,0.0,0.0,0.0
E100_063,E,100,0,4,100,0.0,0.0,0.0
E100_064,E,100,0,4,100,0.0,0.0,0.0
E100_065,E,100,0,5,100,0.0,0.0,0.0
E100_066,E,100,0,3,100,0.0,0.0,0.0
E100_067,E,100,0,2,100,0.0,0.0,0.0
E100_068,E,100,0,3,100,0.0,0.0,0.0
E100_069,E,100,0,3,100,0.0,0.0,0.0
E100_070,E,100,0,3,100,0.0,0.0,0.0
E100_071,E,100,0,3,100,0.0,0.0,0.0
E100_072,E,100,0,5,100,0.0,0.0,0.0
E100_073,E,100,0,4,100,0.0,0.0,0.0
E100_074,E,100,0,3,100,0.0,0.0,0.0
E100_075,E,100,0,4,100,0.0,0.0,0.0
E100_076,E,100,0,2,100,0.0,0.0,0.0
E100_077,E,100,0,2,100,0.0,0.0,0.0
E100_078,E,100,0,3,100,0.0,0.0,0.0
E100_079,E,100,0,4,100,0.0,0.0,0.0
E100_080,E,100,0,4,100,0.0,0.0,0.0
E100_081,E,100,0,2,100,0.0,0.0,0.0
E100_082,E,100,0,3,100,0.0,0.0,0.0
E100_083,E,100,0,4,100,0.0,0.0,0.0
E100_084,E,100,0,3,100,0.0,0.0,0.0
E100_085,E,100,0,2,100,0.0,0.0,0.0
E100_086,E,100,0,3,100,0.0,0.0,0.0
E100_087,E,100,0,3,100,0.0,0.0,0.0
E100_088,E,100,0,1,100,0.0,0.0,0.0
E100_089,E,100,0,3,100,0.0,0.0,0.0
E100_090,E,100,0,3,100,0.0,0.0,0.0
E100_091,E,100,0,2,100,0.0,0.0,0.0
E100_092,E,100,0,3,100,0.0,0.0,0.0
E100_093,E,100,0,4,100,0.0,0.0,0.0
E100_094,E,100,0,5,100,0.0,0.0,0.0
E100_095,E,100,0,3,100,0.0,0.0,0.0
E100_096,E,100,0,5,100,0.0,0.0,0.0
E100_097,E,100,0,4,100,0.0,0.0,0.0
E100_098,E,100,0,5,100,0.0,0.0,0.0
E100_099,E,100,0,3,100,0.0,0.0,0.0
E100_100,E,100,0,3,100,0.0,0.0,0.0
V002_001,V,2,2,0,0,1.0,1.0,1.0
V002_002,V,2,2,0,0,1.0,1.0,1.0
V002_003,V,2,2,1,0,1.0,0.66667,0.66667
V002_004,V,2,2,1,0,1.0,0.66667,0.66667
V002_005,V,2,2,0,0,1.0,1.0,1.0
V002_006,V,2,2,0,0,1.0,1.0,1.0
V002_007,V,2,2,0,0,1.0,1.0,1.0
V002_008,V,2,2,1,0,1.0,0.66667,0.66667
V002_009,V,2,2,0,0,1.0,1.0,1.0
V002_010,V,2,2,0,0,1.0,1.0,1.0
V002_011,V,2,1,3,1,0.5,0.25,0.2
V002_012,V,2,2,0,0,1.0,1.0,1.0
V002_013,V,2,2,0,0,1.0,1.0,1.0
V002_014,V,2,2,0,0,1.0,1.0,1.0
V002_015,V,2,2,0,0,1.0,1.0,1.0
V002_016,V,2,2,0,0,1.0,1.0,1.0
V002_017,V,2,2,0,0,1.0,1.0,1.0
V002_018,V,2,2,0,0,1.0,1.0,1.0
V002_019,V,2,2,0,0,1.0,1.0,1.0
V002_020,V,2,1,1,1,0.5,0.5,0.33333
V002_021,V,2,2,0,0,1.0,1.0,1.0
V002_022,V,2,2,0,0,1.0,1.0,1.0
V002_023,V,2,1,2,1,0.5,0.33333,0.25
V002_024,V,2,2,0,0,1.0,1.0,1.0
V002_025,V,2,2,0,0,1.0,1.0,1.0
V002_026,V,2,2,0,0,1.0,1.0,1.0
V002_027,V,2,2,1,0,1.0,0.66667,0.66667
V002_028,V,2,2,0,0,1.0,1.0,1.0
V002_029,V,2,2,0,0,1.0,1.0,1.0
V002_030,V,2,0,1,2,0.0,0.0,0.0
V002_031,V,2,0,1,2,0.0,0.0,0.0
V002_032,V,2,2,0,0,1.0,1.0,1.0
V002_033,V,2,2,0,0,1.0,1.0,1.0
V002_034,V,2,1,4,1,0.5,0.2,0.16667
V002_035,V,2,0,1,2,0.0,0.0,0.0
V002_036,V,2,2,0,0,1.0,1.0,1.0
V002_037,V,2,1,2,1,0.5,0.33333,0.25
V002_038,V,2,2,0,0,1.0,1.0,1.0
V002_039,V,2,1,3,1,0.5,0.25,0.2
V002_040,V,2,2,0,0,1.0,1.0,1.0
V002_041,V,2,2,0,0,1.0,1.0,1.0
V002_042,V,2,2,0,0,1.0,1.0,1.0
V002_043,V,2,2,1,0,1.0,0.66667,0.66667
V002_044,V,2,2,0,0,1.0,1.0,1.0
V002_045,V,2,2,0,0,1.0,1.0,1.0
V002_046,V,2,1,4,1,0.5,0.2,0.16667
V002_047,V,2,2,0,0,1.0,1.0,1.0
V002_048,V,2,1,2,1,0.5,0.33333,0.25
V002_049,V,2,2,0,0,1.0,1.0,1.0
V002_050,V,2,2,0,0,1.0,1.0,1.0
V002_051,V,2,2,0,0,1.0,1.0,1.0
V002_052,V,2,1,3,1,0.5,0.25,0.2
V002_053,V,2,2,0,0,1.0,1.0,1.0
V002_054,V,2,1,8,1,0.5,0.11111,0.1
V002_055,V,2,2,0,0,1.0,1.0,1.0
V002_056,V,2,2,1,0,1.0,0.66667,0.66667
V002_057,V,2,1,3,1,0.5,0.25,0.2
V002_058,V,2,2,0,0,1.0,1.0,1.0
V002_059,V,2,1,1,1,0.5,0.5,0.33333
V002_060,V,2,2,0,0,1.0,1.0,1.0
V002_061,V,2,2,0,0,1.0,1.0,1.0
V002_062,V,2,2,0,0,1.0,1.0,1.0
V002_063,V,2,1,5,1,0.5,0.16667,0.14286
V002_064,V,2,2,0,0,1.0,1.0,1.0
V002_065,V,2,1,3,1,0.5,0.25,0.2
V002_066,V,2,1,5,1,0.5,0.16667,0.14286
V002_067,V,2,0,5,2,0.0,0.0,0.0
V002_068,V,2,2,0,0,1.0,1.0,1.0
V002_069,V,2,2,0,0,1.0,1.0,1.0
V002_070,V,2,2,0,0,1.0,1.0,1.0
V002_071,V,2,2,0,0,1.0,1.0,1.0
V002_072,V,2,2,0,0,1.0,1.0,1.0
V002_073,V,2,2,0,0,1.0,1.0,1.0
V002_074,V,2,2,0,0,1.0,1.0,1.0
V002_075,V,2,0,3,2,0.0,0.0,0.0
V002_076,V,2,0,1,2,0.0,0.0,0.0
V002_077,V,2,2,0,0,1.0,1.0,1.0
V002_078,V,2,2,0,0,1.0,1.0,1.0
V002_079,V,2,2,1,0,1.0,0.66667,0.66667
V002_080,V,2,2,0,0,1.0,1.0,1.0
V002_081,V,2,2,1,0,1.0,0.66667,0.66667
V002_082,V,2,1,1,1,0.5,0.5,0.33333
V002_083,V,2,0,1,2,0.0,0.0,0.0
V002_084,V,2,2,1,0,1.0,0.66667,0.66667
V002_085,V,2,2,0,0,1.0,1.0,1.0
V002_086,V,2,2,0,0,1.0,1.0,1.0
V002_087,V,2,2,0,0,1.0,1.0,1.0
V002_088,V,2,2,1,0,1.0,0.66667,0.66667
V002_089,V,2,1,2,1,0.5,0.33333,0.25
V002_090,V,2,2,0,0,1.0,1.0,1.0
V002_091,V,2,2,0,0,1.0,1.0,1.0
V002_092,V,2,2,0,0,1.0,1.0,1.0
V002_093,V,2,2,0,0,1.0,1.0,1.0
V002_094,V,2,2,0,0,1.0,1.0,1.0
V002_095,V,2,2,0,0,1.0,1.0,1.0
V002_096,V,2,2,0,0,1.0,1.0,1.0
V002_097,V,2,1,2,1,0.5,0.33333,0.25
V002_098,V,2,2,0,0,1.0,1.0,1.0
V002_099,V,2,2,0,0,1.0,1.0,1.0
V002_100,V,2,1,4,1,0.5,0.2,0.16667
V004_001,V,4,4,0,0,1.0,1.0,1.0
V004_002,V,4,4,0,0,1.0,1.0,1.0
V004_003,V,4,3,2,1,0.75,0.6,0.5
V004_004,V,4,0,7,4,0.0,0.0,0.0
V004_005,V,4,4,0,0,1.0,1.0,1.0
V004_006,V,4,4,0,0,1.0,1.0,1.0
V004_007,V,4,4,0,0,1.0,1.0,1.0
V004_008,V,4,1,5,3,0.25,0.16667,0.11111
V004_009,V,4,3,2,1,0.75,0.6,0.5
V004_010,V,4,3,1,1,0.75,0.75,0.6
V004_011,V,4,2,3,2,0.5,0.4,0.28571
V004_012,V,4,1,3,3,0.25,0.25,0.14286
V004_013,V,4,4,0,0,1.0,1.0,1.0
V004_014,V,4,2,3,2,0.5,0.4,0.28571
V004_015,V,4,1,6,3,0.25,0.14286,0.1
V004_016,V,4,4,0,0,1.0,1.0,1.0
V004_017,V,4,3,2,1,0.75,0.6,0.5
V004_018,V,4,3,1,1,0.75,0.75,0.6
V004_019,V,4,4,0,0,1.0,1.0,1.0
V004_020,V,4,1,3,3,0.25,0.25,0.14286
V004_021,V,4,1,4,3,0.25,0.2,0.125
V004_022,V,4,4,0,0,1.0,1.0,1.0
V004_023,V,4,2,2,2,0.5,0.5,0.33333
V004_024,V,4,2,3,2,0.5,0.4,0.28571
V004_025,V,4,1,7,3,0.25,0.125,0.09091
V004_026,V,4,2,4,2,0.5,0.33333,0.25
V004_027,V,4,3,3,1,0.75,0.5,0.42857
V004_028,V,4,4,0,0,1.0,1.0,1.0
V004_029,V,4,4,0,0,1.0,1.0,1.0
V004_030,V,4,3,1,1,0.75,0.75,0.6
V004_031,V,4,3,1,1,0.75,0.75,0.6
V004_032,V,4,0,4,4,0.0,0.0,0.0
V004_033,V,4,4,0,0,1.0,1.0,1.0
V004_034,V,4,1,3,3,0.25,0.25,0.14286
V004_035,V,4,1,4,3,0.25,0.2,0.125
V004_036,V,4,4,0,0,1.0,1.0,1.0
V004_037,V,4,3,1,1,0.75,0.75,0.6
V004_038,V,4,3,1,1,0.75,0.75,0.6
V004_039,V,4,4,0,0,1.0,1.0,1.0
V004_040,V,4,1,5,3,0.25,0.16667,0.11111
V004_041,V,4,3,2,1,0.75,0.6,0.5
V004_042,V,4,4,0,0,1.0,1.0,1.0
V004_043,V,4,4,1,0,1.0,0.8,0.8
V004_044,V,4,3,1,1,0.75,0.75,0.6
V004_045,V,4,4,1,0,1.0,0.8,0.8
V004_046,V,4,4,0,0,1.0,1.0,1.0
V004_047,V,4,1,3,3,0.25,0.25,0.14286
V004_048,V,4,3,2,1,0.75,0.6,0.5
V004_049,V,4,4,0,0,1.0,1.0,1.0
V004_050,V,4,4,0,0,1.0,1.0,1.0
V004_051,V,4,4,0,0,1.0,1.0,1.0
V004_052,V,4,1,3,3,0.25,0.25,0.14286
V004_053,V,4,4,0,0,1.0,1.0,1.0
V004_054,V,4,2,3,2,0.5,0.4,0.28571
V004_055,V,4,4,0,0,1.0,1.0,1.0
V004_056,V,4,2,2,2,0.5,0.5,0.33333
V004_057,V,4,1,7,3,0.25,0.125,0.09091
V004_058,V,4,4,0,0,1.0,1.0,1.0
V004_059,V,4,4,0,0,1.0,1.0,1.0
V004_060,V,4,2,3,2,0.5,0.4,0.28571
V004_061,V,4,2,2,2,0.5,0.5,0.33333
V004_062,V,4,1,3,3,0.25,0.25,0.14286
V004_063,V,4,3,1,1,0.75,0.75,0.6
V004_064,V,4,4,0,0,1.0,1.0,1.0
V004_065,V,4,4,1,0,1.0,0.8,0.8
V004_066,V,4,4,0,0,1.0,1.0,1.0
V004_067,V,4,3,1,1,0.75,0.75,0.6
V004_068,V,4,2,3,2,0.5,0.4,0.28571
V004_069,V,4,3,1,1,0.75,0.75,0.6
V004_070,V,4,2,3,2,0.5,0.4,0.28571
V004_071,V,4,4,0,0,1.0,1.0,1.0
V004_072,V,4,4,0,0,1.0,1.0,1.0
V004_073,V,4,4,0,0,1.0,1.0,1.0
V004_074,V,4,2,2,2,0.5,0.5,0.33333
V004_075,V,4,0,4,4,0.0,0.0,0.0
V004_076,V,4,4,0,0,1.0,1.0,1.0
V004_077,V,4,3,1,1,0.75,0.75,0.6
V004_078,V,4,3,1,1,0.75,0.75,0.6
V004_079,V,4,4,0,0,1.0,1.0,1.0
V004_080,V,4,1,3,3,0.25,0.25,0.14286
V004_081,V,4,4,0,0,1.0,1.0,1.0
V004_082,V,4,2,1,2,0.5,0.66667,0.4
V004_083,V,4,3,1,1,0.75,0.75,0.6
V004_084,V,4,2,4,2,0.5,0.33333,0.25
V004_085,V,4,0,3,4,0.0,0.0,0.0
V004_086,V,4,1,5,3,0.25,0.16667,0.11111
V004_087,V,4,3,2,1,0.75,0.6,0.5
V004_088,V,4,2,2,2,0.5,0.5,0.33333
V004_089,V,4,2,5,2,0.5,0.28571,0.22222
V004_090,V,4,3,3,1,0.75,0.5,0.42857
V004_091,V,4,2,3,2,0.5,0.4,0.28571
V004_092,V,4,2,1,2,0.5,0.66667,0.4
V004_093,V,4,2,2,2,0.5,0.5,0.33333
V004_094,V,4,2,3,2,0.5,0.4,0.28571
V004_095,V,4,2,3,2,0.5,0.4,0.28571
V004_096,V,4,4,0,0,1.0,1.0,1.0
V004_097,V,4,4,0,0,1.0,1.0,1.0
V004_098,V,4,4,0,0,1.0,1.0,1.0
V004_099,V,4,2,5,2,0.5,0.28571,0.22222
V004_100,V,4,2,2,2,0.5,0.5,0.33333
V006_001,V,6,4,3,2,0.66667,0.57143,0.44444
V006_002,V,6,4,2,2,0.66667,0.66667,0.5
V006_003,V,6,2,2,4,0.33333,0.5,0.25
V006_004,V,6,2,6,4,0.33333,0.25,0.16667
V006_005,V,6,0,5,6,0.0,0.0,0.0
V006_006,V,6,1,5,5,0.16667,0.16667,0.09091
V006_007,V,6,1,4,5,0.16667,0.2,0.1
V006_008,V,6,6,0,0,1.0,1.0,1.0
V006_009,V,6,0,8,6,0.0,0.0,0.0
V006_010,V,6,6,0,0,1.0,1.0,1.0
V006_011,V,6,2,4,4,0.33333,0.33333,0.2
V006_012,V,6,3,3,3,0.5,0.5,0.33333
V006_013,V,6,2,2,4,0.33333,0.5,0.25
V006_014,V,6,1,7,5,0.16667,0.125,0.07692
V006_015,V,6,3,5,3,0.5,0.375,0.27273
V006_016,V,6,5,2,1,0.83333,0.71429,0.625
V006_017,V,6,3,5,3,0.5,0.375,0.27273
V006_018,V,6,3,3,3,0.5,0.5,0.33333
V006_019,V,6,4,2,2,0.66667,0.66667,0.5
V006_020,V,6,3,5,3,0.5,0.375,0.27273
V006_021,V,6,4,3,2,0.66667,0.57143,0.44444
V006_022,V,6,2,6,4,0.33333,0.25,0.16667
V006_023,V,6,4,3,2,0.66667,0.57143,0.44444
V006_024,V,6,5,1,1,0.83333,0.83333,0.71429
V006_025,V,6,4,3,2,0.66667,0.57143,0.44444
V006_026,V,6,2,4,4,0.33333,0.33333,0.2
V006_027,V,6,0,4,6,0.0,0.0,0.0
V006_028,V,6,4,2,2,0.66667,0.66667,0.5
V006_029,V,6,6,0,0,1.0,1.0,1.0
V006_030,V,6,2,4,4,0.33333,0.33333,0.2
V006_031,V,6,1,6,5,0.16667,0.14286,0.08333
V006_032,V,6,1,6,5,0.16667,0.14286,0.08333
V006_033,V,6,3,3,3,0.5,0.5,0.33333
V006_034,V,6,4,2,2,0.66667,0.66667,0.5
V006_035,V,6,3,2,3,0.5,0.6,0.375
V006_036,V,6,3,2,3,0.5,0.6,0.375
V006_037,V,6,3,2,3,0.5,0.6,0.375
V006_038,V,6,4,2,2,0.66667,0.66667,0.5
V006_039,V,6,2,4,4,0.33333,0.33333,0.2
V006_040,V,6,3,2,3,0.5,0.6,0.375
V006_041,V,6,2,6,4,0.33333,0.25,0.16667
V006_042,V,6,2,5,4,0.33333,0.28571,0.18182
V006_043,V,6,5,2,1,0.83333,0.71429,0.625
V006_044,V,6,4,2,2,0.66667,0.66667,0.5
V006_045,V,6,1,7,5,0.16667,0.125,0.07692
V006_046,V,6,1,7,5,0.16667,0.125,0.07692
V006_047,V,6,1,6,5,0.16667,0.14286,0.08333
V006_048,V,6,3,3,3,0.5,0.5,0.33333
V006_049,V,6,2,2,4,0.33333,0.5,0.25
V006_050,V,6,4,2,2,0.66667,0.66667,0.5
V006_051,V,6,3,3,3,0.5,0.5,0.33333
V006_052,V,6,0,8,6,0.0,0.0,0.0
V006_053,V,6,2,4,4,0.33333,0.33333,0.2
V006_054,V,6,5,2,1,0.83333,0.71429,0.625
V006_055,V,6,2,4,4,0.33333,0.33333,0.2
V006_056,V,6,4,3,2,0.66667,0.57143,0.44444
V006_057,V,6,2,4,4,0.33333,0.33333,0.2
V006_058,V,6,2,3,4,0.33333,0.4,0.22222
V006_059,V,6,6,1,0,1.0,0.85714,0.85714
V006_060,V,6,5,2,1,0.83333,0.71429,0.625
V006_061,V,6,3,3,3,0.5,0.5,0.33333
V006_062,V,6,0,9,6,0.0,0.0,0.0
V006_063,V,6,1,3,5,0.16667,0.25,0.11111
V006_064,V,6,2,1,4,0.33333,0.66667,0.28571
V006_065,V,6,1,7,5,0.16667,0.125,0.07692
V006_066,V,6,2,6,4,0.33333,0.25,0.16667
V006_067,V,6,2,4,4,0.33333,0.33333,0.2
V006_068,V,6,1,9,5,0.16667,0.1,0.06667
V006_069,V,6,2,4,4,0.33333,0.33333,0.2
V006_070,V,6,4,3,2,0.66667,0.57143,0.44444
V006_071,V,6,3,3,3,0.5,0.5,0.33333
V006_072,V,6,4,3,2,0.66667,0.57143,0.44444
V006_073,V,6,2,5,4,0.33333,0.28571,0.18182
V006_074,V,6,2,5,4,0.33333,0.28571,0.18182
V006_075,V,6,5,1,1,0.83333,0.83333,0.71429
V006_076,V,6,3,3,3,0.5,0.5,0.33333
V006_077,V,6,3,3,3,0.5,0.5,0.33333
V006_078,V,6,5,1,1,0.83333,0.83333,0.71429
V006_079,V,6,2,3,4,0.33333,0.4,0.22222
V006_080,V,6,4,1,2,0.66667,0.8,0.57143
V006_081,V,6,3,4,3,0.5,0.42857,0.3
V006_082,V,6,4,3,2,0.66667,0.57143,0.44444
V006_083,V,6,3,3,3,0.5,0.5,0.33333
V006_084,V,6,4,2,2,0.66667,0.66667,0.5
V006_085,V,6,3,3,3,0.5,0.5,0.33333
V006_086,V,6,1,5,5,0.16667,0.16667,0.09091
V006_087,V,6,5,1,1,0.83333,0.83333,0.71429
V006_088,V,6,2,6,4,0.33333,0.25,0.16667
V006_089,V,6,1,7,5,0.16667,0.125,0.07692
V006_090,V,6,1,5,5,0.16667,0.16667,0.09091
V006_091,V,6,1,5,5,0.16667,0.16667,0.09091
V006_092,V,6,2,4,4,0.33333,0.33333,0.2
V006_093,V,6,3,2,3,0.5,0.6,0.375
V006_094,V,6,4,2,2,0.66667,0.66667,0.5
V006_095,V,6,2,5,4,0.33333,0.28571,0.18182
V006_096,V,6,4,1,2,0.66667,0.8,0.57143
V006_097,V,6,2,6,4,0.33333,0.25,0.16667
V006_098,V,6,1,4,5,0.16667,0.2,0.1
V006_099,V,6,1,4,5,0.16667,0.2,0.1
V006_100,V,6,2,4,4,0.33333,0.33333,0.2
V008_001,V,8,3,5,5,0.375,0.375,0.23077
V008_002,V,8,4,5,4,0.5,0.44444,0.30769
V008_003,V,8,1,6,7,0.125,0.14286,0.07143
V008_004,V,8,3,5,5,0.375,0.375,0.23077
V008_005,V,8,2,6,6,0.25,0.25,0.14286
V008_006,V,8,5,3,3,0.625,0.625,0.45455
V008_007,V,8,1,7,7,0.125,0.125,0.06667
V008_008,V,8,3,6,5,0.375,0.33333,0.21429
V008_009,V,8,3,5,5,0.375,0.375,0.23077
V008_010,V,8,2,7,6,0.25,0.22222,0.13333
V008_011,V,8,2,6,6,0.25,0.25,0.14286
V008_012,V,8,2,5,6,0.25,0.28571,0.15385
V008_013,V,8,1,7,7,0.125,0.125,0.06667
V008_014,V,8,3,6,5,0.375,0.33333,0.21429
V008_015,V,8,5,4,3,0.625,0.55556,0.41667
V008_016,V,8,2,7,6,0.25,0.22222,0.13333
V008_017,V,8,1,6,7,0.125,0.14286,0.07143
V008_018,V,8,3,5,5,0.375,0.375,0.23077
V008_019,V,8,4,3,4,0.5,0.57143,0.36364
V008_020,V,8,2,7,6,0.25,0.22222,0.13333
V008_021,V,8,2,7,6,0.25,0.22222,0.13333
V008_022,V,8,1,6,7,0.125,0.14286,0.07143
V008_023,V,8,2,6,6,0.25,0.25,0.14286
V008_024,V,8,2,6,6,0.25,0.25,0.14286
V008_025,V,8,0,8,8,0.0,0.0,0.0
V008_026,V,8,3,5,5,0.375,0.375,0.23077
V008_027,V,8,3,5,5,0.375,0.375,0.23077
V008_028,V,8,1,4,7,0.125,0.2,0.08333
V008_029,V,8,2,6,6,0.25,0.25,0.14286
V008_030,V,8,2,6,6,0.25,0.25,0.14286
V008_031,V,8,4,4,4,0.5,0.5,0.33333
V008_032,V,8,3,6,5,0.375,0.33333,0.21429
V008_033,V,8,4,4,4,0.5,0.5,0.33333
V008_034,V,8,5,3,3,0.625,0.625,0.45455
V008_035,V,8,2,7,6,0.25,0.22222,0.13333
V008_036,V,8,3,5,5,0.375,0.375,0.23077
V008_037,V,8,3,6,5,0.375,0.33333,0.21429
V008_038,V,8,1,7,7,0.125,0.125,0.06667
V008_039,V,8,1,9,7,0.125,0.1,0.05882
V008_040,V,8,1,5,7,0.125,0.16667,0.07692
V008_041,V,8,6,2,2,0.75,0.75,0.6
V008_042,V,8,2,7,6,0.25,0.22222,0.13333
V008_043,V,8,1,10,7,0.125,0.09091,0.05556
V008_044,V,8,1,8,7,0.125,0.11111,0.0625
V008_045,V,8,3,5,5,0.375,0.375,0.23077
V008_046,V,8,2,6,6,0.25,0.25,0.14286
V008_047,V,8,2,9,6,0.25,0.18182,0.11765
V008_048,V,8,3,5,5,0.375,0.375,0.23077
V008_049,V,8,1,9,7,0.125,0.1,0.05882
V008_050,V,8,5,3,3,0.625,0.625,0.45455
V008_051,V,8,1,8,7,0.125,0.11111,0.0625
V008_052,V,8,6,2,2,0.75,0.75,0.6
V008_053,V,8,3,6,5,0.375,0.33333,0.21429
V008_054,V,8,5,3,3,0.625,0.625,0.45455
V008_055,V,8,2,6,6,0.25,0.25,0.14286
V008_056,V,8,4,3,4,0.5,0.57143,0.36364
V008_057,V,8,3,4,5,0.375,0.42857,0.25
V008_058,V,8,4,3,4,0.5,0.57143,0.36364
V008_059,V,8,1,3,7,0.125,0.25,0.09091
V008_060,V,8,1,9,7,0.125,0.1,0.05882
V008_061,V,8,3,4,5,0.375,0.42857,0.25
V008_062,V,8,1,4,7,0.125,0.2,0.08333
V008_063,V,8,1,9,7,0.125,0.1,0.05882
V008_064,V,8,4,5,4,0.5,0.44444,0.30769
V008_065,V,8,2,5,6,0.25,0.28571,0.15385
V008_066,V,8,1,6,7,0.125,0.14286,0.07143
V008_067,V,8,1,6,7,0.125,0.14286,0.07143
V008_068,V,8,1,6,7,0.125,0.14286,0.07143
V008_069,V,8,3,4,5,0.375,0.42857,0.25
V008_070,V,8,5,4,3,0.625,0.55556,0.41667
V008_071,V,8,1,7,7,0.125,0.125,0.06667
V008_072,V,8,1,8,7,0.125,0.11111,0.0625
V008_073,V,8,3,3,5,0.375,0.5,0.27273
V008_074,V,8,5,3,3,0.625,0.625,0.45455
V008_075,V,8,1,7,7,0.125,0.125,0.06667
V008_076,V,8,2,6,6,0.25,0.25,0.14286
V008_077,V,8,3,8,5,0.375,0.27273,0.1875
V008_078,V,8,3,5,5,0.375,0.375,0.23077
V008_079,V,8,5,3,3,0.625,0.625,0.45455
V008_080,V,8,2,7,6,0.25,0.22222,0.13333
V008_081,V,8,1,7,7,0.125,0.125,0.06667
V008_082,V,8,4,6,4,0.5,0.4,0.28571
V008_083,V,8,3,4,5,0.375,0.42857,0.25
V008_084,V,8,2,5,6,0.25,0.28571,0.15385
V008_085,V,8,3,5,5,0.375,0.375,0.23077
V008_086,V,8,1,7,7,0.125,0.125,0.06667
V008_087,V,8,2,6,6,0.25,0.25,0.14286
V008_088,V,8,2,6,6,0.25,0.25,0.14286
V008_089,V,8,1,8,7,0.125,0.11111,0.0625
V008_090,V,8,3,5,5,0.375,0.375,0.23077
V008_091,V,8,0,7,8,0.0,0.0,0.0
V008_092,V,8,3,6,5,0.375,0.33333,0.21429
V008_093,V,8,0,9,8,0.0,0.0,0.0
V008_094,V,8,1,7,7,0.125,0.125,0.06667
V008_095,V,8,4,3,4,0.5,0.57143,0.36364
V008_096,V,8,4,4,4,0.5,0.5,0.33333
V008_097,V,8,3,6,5,0.375,0.33333,0.21429
V008_098,V,8,1,8,7,0.125,0.11111,0.0625
V008_099,V,8,5,4,3,0.625,0.55556,0.41667
V008_100,V,8,2,8,6,0.25,0.2,0.125
V010_001,V,10,2,9,8,0.2,0.18182,0.10526
V010_002,V,10,1,8,9,0.1,0.11111,0.05556
V010_003,V,10,1,8,9,0.1,0.11111,0.05556
V010_004,V,10,4,4,6,0.4,0.5,0.28571
V010_005,V,10,1,1,9,0.1,0.5,0.09091
V010_006,V,10,2,5,8,0.2,0.28571,0.13333
V010_007,V,10,0,13,10,0.0,0.0,0.0
V010_008,V,10,1,8,9,0.1,0.11111,0.05556
V010_009,V,10,2,6,8,0.2,0.25,0.125
V010_010,V,10,2,8,8,0.2,0.2,0.11111
V010_011,V,10,1,7,9,0.1,0.125,0.05882
V010_012,V,10,3,8,7,0.3,0.27273,0.16667
V010_013,V,10,4,6,6,0.4,0.4,0.25
V010_014,V,10,2,6,8,0.2,0.25,0.125
V010_015,V,10,3,8,7,0.3,0.27273,0.16667
V010_016,V,10,3,7,7,0.3,0.3,0.17647
V010_017,V,10,3,9,7,0.3,0.25,0.15789
V010_018,V,10,0,5,10,0.0,0.0,0.0
V010_019,V,10,0,7,10,0.0,0.0,0.0
V010_020,V,10,2,7,8,0.2,0.22222,0.11765
V010_021,V,10,1,6,9,0.1,0.14286,0.0625
V010_022,V,10,2,9,8,0.2,0.18182,0.10526
V010_023,V,10,3,7,7,0.3,0.3,0.17647
V010_024,V,10,0,7,10,0.0,0.0,0.0
V010_025,V,10,3,8,7,0.3,0.27273,0.16667
V010_026,V,10,2,9,8,0.2,0.18182,0.10526
V010_027,V,10,4,6,6,0.4,0.4,0.25
V010_028,V,10,2,8,8,0.2,0.2,0.11111
V010_029,V,10,3,9,7,0.3,0.25,0.15789
V010_030,V,10,2,8,8,0.2,0.2,0.11111
V010_031,V,10,2,8,8,0.2,0.2,0.11111
V010_032,V,10,0,9,10,0.0,0.0,0.0
V010_033,V,10,2,6,8,0.2,0.25,0.125
V010_034,V,10,1,9,9,0.1,0.1,0.05263
V010_035,V,10,0,11,10,0.0,0.0,0.0
V010_036,V,10,4,8,6,0.4,0.33333,0.22222
V010_037,V,10,2,6,8,0.2,0.25,0.125
V010_038,V,10,4,6,6,0.4,0.4,0.25
V010_039,V,10,1,9,9,0.1,0.1,0.05263
V010_040,V,10,1,7,9,0.1,0.125,0.05882
V010_041,V,10,1,9,9,0.1,0.1,0.05263
V010_042,V,10,1,7,9,0.1,0.125,0.05882
V010_043,V,10,1,9,9,0.1,0.1,0.05263
V010_044,V,10,1,10,9,0.1,0.09091,0.05
V010_045,V,10,3,9,7,0.3,0.25,0.15789
V010_046,V,10,0,7,10,0.0,0.0,0.0
V010_047,V,10,1,9,9,0.1,0.1,0.05263
V010_048,V,10,5,5,5,0.5,0.5,0.33333
V010_049,V,10,2,7,8,0.2,0.22222,0.11765
V010_050,V,10,4,5,6,0.4,0.44444,0.26667
V010_051,V,10,4,6,6,0.4,0.4,0.25
V010_052,V,10,1,10,9,0.1,0.09091,0.05
V010_053,V,10,1,4,9,0.1,0.2,0.07143
V010_054,V,10,1,8,9,0.1,0.11111,0.05556
V010_055,V,10,2,9,8,0.2,0.18182,0.10526
V010_056,V,10,3,7,7,0.3,0.3,0.17647
V010_057,V,10,1,2,9,0.1,0.33333,0.08333
V010_058,V,10,0,8,10,0.0,0.0,0.0
V010_059,V,10,1,7,9,0.1,0.125,0.05882
V010_060,V,10,3,7,7,0.3,0.3,0.17647
V010_061,V,10,0,11,10,0.0,0.0,0.0
V010_062,V,10,2,6,8,0.2,0.25,0.125
V010_063,V,10,3,8,7,0.3,0.27273,0.16667
V010_064,V,10,1,8,9,0.1,0.11111,0.05556
V010_065,V,10,1,5,9,0.1,0.16667,0.06667
V010_066,V,10,3,6,7,0.3,0.33333,0.1875
V010_067,V,10,2,10,8,0.2,0.16667,0.1
V010_068,V,10,2,8,8,0.2,0.2,0.11111
V010_069,V,10,3,7,7,0.3,0.3,0.17647
V010_070,V,10,4,7,6,0.4,0.36364,0.23529
V010_071,V,10,1,7,9,0.1,0.125,0.05882
V010_072,V,10,1,5,9,0.1,0.16667,0.06667
V010_073,V,10,5,5,5,0.5,0.5,0.33333
V010_074,V,10,3,6,7,0.3,0.33333,0.1875
V010_075,V,10,2,7,8,0.2,0.22222,0.11765
V010_076,V,10,1,7,9,0.1,0.125,0.05882
V010_077,V,10,2,8,8,0.2,0.2,0.11111
V010_078,V,10,1,9,9,0.1,0.1,0.05263
V010_079,V,10,3,6,7,0.3,0.33333,0.1875
V010_080,V,10,2,4,8,0.2,0.33333,0.14286
V010_081,V,10,3,7,7,0.3,0.3,0.17647
V010_082,V,10,0,15,10,0.0,0.0,0.0
V010_083,V,10,3,6,7,0.3,0.33333,0.1875
V010_084,V,10,4,5,6,0.4,0.44444,0.26667
V010_085,V,10,2,8,8,0.2,0.2,0.11111
V010_086,V,10,2,6,8,0.2,0.25,0.125
V010_087,V,10,0,9,10,0.0,0.0,0.0
V010_088,V,10,1,10,9,0.1,0.09091,0.05
V010_089,V,10,2,9,8,0.2,0.18182,0.10526
V010_090,V,10,1,10,9,0.1,0.09091,0.05
V010_091,V,10,3,8,7,0.3,0.27273,0.16667
V010_092,V,10,4,6,6,0.4,0.4,0.25
V010_093,V,10,1,6,9,0.1,0.14286,0.0625
V010_094,V,10,1,10,9,0.1,0.09091,0.05
V010_095,V,10,2,8,8,0.2,0.2,0.11111
V010_096,V,10,2,8,8,0.2,0.2,0.11111
V010_097,V,10,1,9,9,0.1,0.1,0.05263
V010_098,V,10,1,9,9,0.1,0.1,0.05263
V010_099,V,10,1,10,9,0.1,0.09091,0.05
V010_100,V,10,1,13,9,0.1,0.07143,0.04348
V020_001,V,20,0,12,20,0.0,0.0,0.0
V020_002,V,20,1,12,19,0.05,0.07692,0.03125
V020_003,V,20,0,11,20,0.0,0.0,0.0
V020_004,V,20,1,14,19,0.05,0.06667,0.02941
V020_005,V,20,0,9,20,0.0,0.0,0.0
V020_006,V,20,1,11,19,0.05,0.08333,0.03226
V020_007,V,20,1,11,19,0.05,0.08333,0.03226
V020_008,V,20,1,17,19,0.05,0.05556,0.02703
V020_009,V,20,1,11,19,0.05,0.08333,0.03226
V020_010,V,20,2,12,18,0.1,0.14286,0.0625
V020_011,V,20,1,10,19,0.05,0.09091,0.03333
V020_012,V,20,0,9,20,0.0,0.0,0.0
V020_013,V,20,1,14,19,0.05,0.06667,0.02941
V020_014,V,20,0,18,20,0.0,0.0,0.0
V020_015,V,20,1,12,19,0.05,0.07692,0.03125
V020_016,V,20,1,15,19,0.05,0.0625,0.02857
V020_017,V,20,1,7,19,0.05,0.125,0.03704
V020_018,V,20,0,11,20,0.0,0.0,0.0
V020_019,V,20,0,12,20,0.0,0.0,0.0
V020_020,V,20,5,13,15,0.25,0.27778,0.15152
V020_021,V,20,1,13,19,0.05,0.07143,0.0303
V020_022,V,20,1,8,19,0.05,0.11111,0.03571
V020_023,V,20,2,10,18,0.1,0.16667,0.06667
V020_024,V,20,0,11,20,0.0,0.0,0.0
V020_025,V,20,3,13,17,0.15,0.1875,0.09091
V020_026,V,20,0,7,20,0.0,0.0,0.0
V020_027,V,20,1,13,19,0.05,0.07143,0.0303
V020_028,V,20,3,9,17,0.15,0.25,0.10345
V020_029,V,20,1,11,19,0.05,0.08333,0.03226
V020_030,V,20,1,13,19,0.05,0.07143,0.0303
V020_031,V,20,1,4,19,0.05,0.2,0.04167
V020_032,V,20,1,6,19,0.05,0.14286,0.03846
V020_033,V,20,0,13,20,0.0,0.0,0.0
V020_034,V,20,3,8,17,0.15,0.27273,0.10714
V020_035,V,20,1,10,19,0.05,0.09091,0.03333
V020_036,V,20,1,11,19,0.05,0.08333,0.03226
V020_037,V,20,1,17,19,0.05,0.05556,0.02703
V020_038,V,20,0,12,20,0.0,0.0,0.0
V020_039,V,20,2,12,18,0.1,0.14286,0.0625
V020_040,V,20,2,4,18,0.1,0.33333,0.08333
V020_041,V,20,4,11,16,0.2,0.26667,0.12903
V020_042,V,20,1,11,19,0.05,0.08333,0.03226
V020_043,V,20,1,13,19,0.05,0.07143,0.0303
V020_044,V,20,1,10,19,0.05,0.09091,0.03333
V020_045,V,20,1,8,19,0.05,0.11111,0.03571
V020_046,V,20,0,16,20,0.0,0.0,0.0
V020_047,V,20,1,14,19,0.05,0.06667,0.02941
V020_048,V,20,1,15,19,0.05,0.0625,0.02857
V020_049,V,20,2,10,18,0.1,0.16667,0.06667
V020_050,V,20,1,15,19,0.05,0.0625,0.02857
V020_051,V,20,3,7,17,0.15,0.3,0.11111
V020_052,V,20,1,15,19,0.05,0.0625,0.02857
V020_053,V,20,3,12,17,0.15,0.2,0.09375
V020_054,V,20,2,10,18,0.1,0.16667,0.06667
V020_055,V,20,0,14,20,0.0,0.0,0.0
V020_056,V,20,0,14,20,0.0,0.0,0.0
V020_057,V,20,2,12,18,0.1,0.14286,0.0625
V020_058,V,20,3,14,17,0.15,0.17647,0.08824
V020_059,V,20,1,3,19,0.05,0.25,0.04348
V020_060,V,20,1,12,19,0.05,0.07692,0.03125
V020_061,V,20,2,10,18,0.1,0.16667,0.06667
V020_062,V,20,0,12,20,0.0,0.0,0.0
V020_063,V,20,1,11,19,0.05,0.08333,0.03226
V020_064,V,20,3,5,17,0.15,0.375,0.12
V020_065,V,20,1,11,19,0.05,0.08333,0.03226
V020_066,V,20,1,14,19,0.05,0.06667,0.02941
V020_067,V,20,3,9,17,0.15,0.25,0.10345
V020_068,V,20,1,7,19,0.05,0.125,0.03704
V020_069,V,20,3,13,17,0.15,0.1875,0.09091
V020_070,V,20,0,4,20,0.0,0.0,0.0
V020_071,V,20,1,14,19,0.05,0.06667,0.02941
V020_072,V,20,0,10,20,0.0,0.0,0.0
V020_073,V,20,1,8,19,0.05,0.11111,0.03571
V020_074,V,20,1,9,19,0.05,0.1,0.03448
V020_075,V,20,0,7,20,0.0,0.0,0.0
V020_076,V,20,1,13,19,0.05,0.07143,0.0303
V020_077,V,20,1,12,19,0.05,0.07692,0.03125
V020_078,V,20,1,7,19,0.05,0.125,0.03704
V020_079,V,20,0,9,20,0.0,0.0,0.0
V020_080,V,20,0,16,20,0.0,0.0,0.0
V020_081,V,20,1,11,19,0.05,0.08333,0.03226
V020_082,V,20,0,8,20,0.0,0.0,0.0
V020_083,V,20,1,9,19,0.05,0.1,0.03448
V020_084,V,20,1,7,19,0.05,0.125,0.03704
V020_085,V,20,1,14,19,0.05,0.06667,0.02941
V020_086,V,20,0,12,20,0.0,0.0,0.0
V020_087,V,20,1,11,19,0.05,0.08333,0.03226
V020_088,V,20,2,9,18,0.1,0.18182,0.06897
V020_089,V,20,0,11,20,0.0,0.0,0.0
V020_090,V,20,0,7,20,0.0,0.0,0.0
V020_091,V,20,1,8,19,0.05,0.11111,0.03571
V020_092,V,20,1,10,19,0.05,0.09091,0.03333
V020_093,V,20,1,9,19,0.05,0.1,0.03448
V020_094,V,20,0,13,20,0.0,0.0,0.0
V020_095,V,20,0,10,20,0.0,0.0,0.0
V020_096,V,20,1,15,19,0.05,0.0625,0.02857
V020_097,V,20,2,13,18,0.1,0.13333,0.06061
V020_098,V,20,1,11,19,0.05,0.08333,0.03226
V020_099,V,20,3,8,17,0.15,0.27273,0.10714
V020_100,V,20,2,9,18,0.1,0.18182,0.06897
V030_001,V,30,2,12,28,0.06667,0.14286,0.04762
V030_002,V,30,0,16,30,0.0,0.0,0.0
V030_003,V,30,0,12,30,0.0,0.0,0.0
V030_004,V,30,0,14,30,0.0,0.0,0.0
V030_005,V,30,2,11,28,0.06667,0.15385,0.04878
V030_006,V,30,0,11,30,0.0,0.0,0.0
V030_007,V,30,0,11,30,0.0,0.0,0.0
V030_008,V,30,1,9,29,0.03333,0.1,0.02564
V030_009,V,30,1,8,29,0.03333,0.11111,0.02632
V030_010,V,30,0,17,30,0.0,0.0,0.0
V030_011,V,30,2,7,28,0.06667,0.22222,0.05405
V030_012,V,30,1,8,29,0.03333,0.11111,0.02632
V030_013,V,30,1,8,29,0.03333,0.11111,0.02632
V030_014,V,30,1,14,29,0.03333,0.06667,0.02273
V030_015,V,30,0,9,30,0.0,0.0,0.0
V030_016,V,30,1,10,29,0.03333,0.09091,0.025
V030_017,V,30,2,9,28,0.06667,0.18182,0.05128
V030_018,V,30,1,4,29,0.03333,0.2,0.02941
V030_019,V,30,0,16,30,0.0,0.0,0.0
V030_020,V,30,1,9,29,0.03333,0.1,0.02564
V030_021,V,30,0,9,30,0.0,0.0,0.0
V030_022,V,30,1,10,29,0.03333,0.09091,0.025
V030_023,V,30,1,12,29,0.03333,0.07692,0.02381
V030_024,V,30,1,13,29,0.03333,0.07143,0.02326
V030_025,V,30,1,14,29,0.03333,0.06667,0.02273
V030_026,V,30,0,18,30,0.0,0.0,0.0
V030_027,V,30,1,9,29,0.03333,0.1,0.02564
V030_028,V,30,1,11,29,0.03333,0.08333,0.02439
V030_029,V,30,2,9,28,0.06667,0.18182,0.05128
V030_030,V,30,0,13,30,0.0,0.0,0.0
V030_031,V,30,0,11,30,0.0,0.0,0.0
V030_032,V,30,1,11,29,0.03333,0.08333,0.02439
V030_033,V,30,0,10,30,0.0,0.0,0.0
V030_034,V,30,0,9,30,0.0,0.0,0.0
V030_035,V,30,0,9,30,0.0,0.0,0.0
V030_036,V,30,0,14,30,0.0,0.0,0.0
V030_037,V,30,0,12,30,0.0,0.0,0.0
V030_038,V,30,0,12,30,0.0,0.0,0.0
V030_039,V,30,3,12,27,0.1,0.2,0.07143
V030_040,V,30,0,9,30,0.0,0.0,0.0
V030_041,V,30,0,11,30,0.0,0.0,0.0
V030_042,V,30,1,12,29,0.03333,0.07692,0.02381
V030_043,V,30,2,9,28,0.06667,0.18182,0.05128
V030_044,V,30,0,10,30,0.0,0.0,0.0
V030_045,V,30,0,10,30,0.0,0.0,0.0
V030_046,V,30,0,10,30,0.0,0.0,0.0
V030_047,V,30,1,8,29,0.03333,0.11111,0.02632
V030_048,V,30,1,12,29,0.03333,0.07692,0.02381
V030_049,V,30,0,15,30,0.0,0.0,0.0
V030_050,V,30,1,13,29,0.03333,0.07143,0.02326
V030_051,V,30,0,14,30,0.0,0.0,0.0
V030_052,V,30,0,6,30,0.0,0.0,0.0
V030_053,V,30,1,12,29,0.03333,0.07692,0.02381
V030_054,V,30,1,14,29,0.03333,0.06667,0.02273
V030_055,V,30,0,9,30,0.0,0.0,0.0
V030_056,V,30,0,12,30,0.0,0.0,0.0
V030_057,V,30,2,11,28,0.06667,0.15385,0.04878
V030_058,V,30,1,11,29,0.03333,0.08333,0.02439
V030_059,V,30,0,10,30,0.0,0.0,0.0
V030_060,V,30,0,16,30,0.0,0.0,0.0
V030_061,V,30,1,17,29,0.03333,0.05556,0.02128
V030_062,V,30,1,6,29,0.03333,0.14286,0.02778
V030_063,V,30,0,6,30,0.0,0.0,0.0
V030_064,V,30,0,17,30,0.0,0.0,0.0
V030_065,V,30,0,13,30,0.0,0.0,0.0
V030_066,V,30,0,13,30,0.0,0.0,0.0
V030_067,V,30,1,15,29,0.03333,0.0625,0.02222
V030_068,V,30,3,16,27,0.1,0.15789,0.06522
V030_069,V,30,0,10,30,0.0,0.0,0.0
V030_070,V,30,0,11,30,0.0,0.0,0.0
V030_071,V,30,1,11,29,0.03333,0.08333,0.02439
V030_072,V,30,2,7,28,0.06667,0.22222,0.05405
V030_073,V,30,0,14,30,0.0,0.0,0.0
V030_074,V,30,1,14,29,0.03333,0.06667,0.02273
V030_075,V,30,1,12,29,0.03333,0.07692,0.02381
V030_076,V,30,1,9,29,0.03333,0.1,0.02564
V030_077,V,30,1,11,29,0.03333,0.08333,0.02439
V030_078,V,30,1,13,29,0.03333,0.07143,0.02326
V030_079,V,30,1,13,29,0.03333,0.07143,0.02326
V030_080,V,30,1,15,29,0.03333,0.0625,0.02222
V030_081,V,30,1,9,29,0.03333,0.1,0.02564
V030_082,V,30,2,8,28,0.06667,0.2,0.05263
V030_083,V,30,0,10,30,0.0,0.0,0.0
V030_084,V,30,0,11,30,0.0,0.0,0.0
V030_085,V,30,0,14,30,0.0,0.0,0.0
V030_086,V,30,2,9,28,0.06667,0.18182,0.05128
V030_087,V,30,0,16,30,0.0,0.0,0.0
V030_088,V,30,1,14,29,0.03333,0.06667,0.02273
V030_089,V,30,1,13,29,0.03333,0.07143,0.02326
V030_090,V,30,1,14,29,0.03333,0.06667,0.02273
V030_091,V,30,0,15,30,0.0,0.0,0.0
V030_092,V,30,0,8,30,0.0,0.0,0.0
V030_093,V,30,0,15,30,0.0,0.0,0.0
V030_094,V,30,1,10,29,0.03333,0.09091,0.025
V030_095,V,30,2,14,28,0.06667,0.125,0.04545
V030_096,V,30,0,13,30,0.0,0.0,0.0
V030_097,V,30,0,14,30,0.0,0.0,0.0
V030_098,V,30,2,10,28,0.06667,0.16667,0.05
V030_099,V,30,2,10,28,0.06667,0.16667,0.05
V030_100,V,30,0,9,30,0.0,0.0,0.0
V040_001,V,40,0,11,40,0.0,0.0,0.0
V040_002,V,40,0,13,40,0.0,0.0,0.0
V040_003,V,40,0,14,40,0.0,0.0,0.0
V040_004,V,40,2,13,38,0.05,0.13333,0.03774
V040_005,V,40,0,14,40,0.0,0.0,0.0
V040_006,V,40,1,7,39,0.025,0.125,0.02128
V040_007,V,40,0,8,40,0.0,0.0,0.0
V040_008,V,40,0,9,40,0.0,0.0,0.0
V040_009,V,40,1,10,39,0.025,0.09091,0.02
V040_010,V,40,0,7,40,0.0,0.0,0.0
V040_011,V,40,1,11,39,0.025,0.08333,0.01961
V040_012,V,40,0,7,40,0.0,0.0,0.0
V040_013,V,40,0,12,40,0.0,0.0,0.0
V040_014,V,40,0,14,40,0.0,0.0,0.0
V040_015,V,40,0,9,40,0.0,0.0,0.0
V040_016,V,40,0,9,40,0.0,0.0,0.0
V040_017,V,40,1,9,39,0.025,0.1,0.02041
V040_018,V,40,1,11,39,0.025,0.08333,0.01961
V040_019,V,40,0,9,40,0.0,0.0,0.0
V040_020,V,40,0,9,40,0.0,0.0,0.0
V040_021,V,40,0,12,40,0.0,0.0,0.0
V040_022,V,40,2,15,38,0.05,0.11765,0.03636
V040_023,V,40,0,11,40,0.0,0.0,0.0
V040_024,V,40,0,10,40,0.0,0.0,0.0
V040_025,V,40,0,13,40,0.0,0.0,0.0
V040_026,V,40,0,14,40,0.0,0.0,0.0
V040_027,V,40,0,14,40,0.0,0.0,0.0
V040_028,V,40,1,14,39,0.025,0.06667,0.01852
V040_029,V,40,0,15,40,0.0,0.0,0.0
V040_030,V,40,2,4,38,0.05,0.33333,0.04545
V040_031,V,40,0,11,40,0.0,0.0,0.0
V040_032,V,40,1,8,39,0.025,0.11111,0.02083
V040_033,V,40,0,19,40,0.0,0.0,0.0
V040_034,V,40,0,13,40,0.0,0.0,0.0
V040_035,V,40,2,15,38,0.05,0.11765,0.03636
V040_036,V,40,1,9,39,0.025,0.1,0.02041
V040_037,V,40,0,12,40,0.0,0.0,0.0
V040_038,V,40,1,16,39,0.025,0.05882,0.01786
V040_039,V,40,0,16,40,0.0,0.0,0.0
V040_040,V,40,0,14,40,0.0,0.0,0.0
V040_041,V,40,0,12,40,0.0,0.0,0.0
V040_042,V,40,0,9,40,0.0,0.0,0.0
V040_043,V,40,1,8,39,0.025,0.11111,0.02083
V040_044,V,40,0,15,40,0.0,0.0,0.0
V040_045,V,40,0,15,40,0.0,0.0,0.0
V040_046,V,40,0,16,40,0.0,0.0,0.0
V040_047,V,40,0,11,40,0.0,0.0,0.0
V040_048,V,40,0,13,40,0.0,0.0,0.0
V040_049,V,40,1,11,39,0.025,0.08333,0.01961
V040_050,V,40,1,14,39,0.025,0.06667,0.01852
V040_051,V,40,0,8,40,0.0,0.0,0.0
V040_052,V,40,1,9,39,0.025,0.1,0.02041
V040_053,V,40,0,8,40,0.0,0.0,0.0
V040_054,V,40,1,11,39,0.025,0.08333,0.01961
V040_055,V,40,0,10,40,0.0,0.0,0.0
V040_056,V,40,1,9,39,0.025,0.1,0.02041
V040_057,V,40,0,14,40,0.0,0.0,0.0
V040_058,V,40,0,13,40,0.0,0.0,0.0
V040_059,V,40,0,11,40,0.0,0.0,0.0
V040_060,V,40,0,13,40,0.0,0.0,0.0
V040_061,V,40,1,11,39,0.025,0.08333,0.01961
V040_062,V,40,0,16,40,0.0,0.0,0.0
V040_063,V,40,1,14,39,0.025,0.06667,0.01852
V040_064,V,40,0,13,40,0.0,0.0,0.0
V040_065,V,40,1,10,39,0.025,0.09091,0.02
V040_066,V,40,0,13,40,0.0,0.0,0.0
V040_067,V,40,0,15,40,0.0,0.0,0.0
V040_068,V,40,0,12,40,0.0,0.0,0.0
V040_069,V,40,1,12,39,0.025,0.07692,0.01923
V040_070,V,40,0,9,40,0.0,0.0,0.0
V040_071,V,40,1,13,39,0.025,0.07143,0.01887
V040_072,V,40,2,10,38,0.05,0.16667,0.04
V040_073,V,40,0,10,40,0.0,0.0,0.0
V040_074,V,40,1,14,39,0.025,0.06667,0.01852
V040_075,V,40,1,12,39,0.025,0.07692,0.01923
V040_076,V,40,0,16,40,0.0,0.0,0.0
V040_077,V,40,1,10,39,0.025,0.09091,0.02
V040_078,V,40,1,15,39,0.025,0.0625,0.01818
V040_079,V,40,1,5,39,0.025,0.16667,0.02222
V040_080,V,40,0,14,40,0.0,0.0,0.0
V040_081,V,40,0,10,40,0.0,0.0,0.0
V040_082,V,40,0,11,40,0.0,0.0,0.0
V040_083,V,40,0,16,40,0.0,0.0,0.0
V040_084,V,40,0,16,40,0.0,0.0,0.0
V040_085,V,40,1,14,39,0.025,0.06667,0.01852
V040_086,V,40,0,13,40,0.0,0.0,0.0
V040_087,V,40,0,14,40,0.0,0.0,0.0
V040_088,V,40,0,14,40,0.0,0.0,0.0
V040_089,V,40,1,15,39,0.025,0.0625,0.01818
V040_090,V,40,0,15,40,0.0,0.0,0.0
V040_091,V,40,0,10,40,0.0,0.0,0.0
V040_092,V,40,1,9,39,0.025,0.1,0.02041
V040_093,V,40,1,6,39,0.025,0.14286,0.02174
V040_094,V,40,1,13,39,0.025,0.07143,0.01887
V040_095,V,40,0,14,40,0.0,0.0,0.0
V040_096,V,40,1,15,39,0.025,0.0625,0.01818
V040_097,V,40,0,13,40,0.0,0.0,0.0
V040_098,V,40,0,6,40,0.0,0.0,0.0
V040_099,V,40,0,11,40,0.0,0.0,0.0
V040_100,V,40,0,12,40,0.0,0.0,0.0
V050_001,V,50,1,14,49,0.02,0.06667,0.01562
V050_002,V,50,1,11,49,0.02,0.08333,0.01639
V050_003,V,50,0,9,50,0.0,0.0,0.0
V050_004,V,50,0,15,50,0.0,0.0,0.0
V050_005,V,50,0,10,50,0.0,0.0,0.0
V050_006,V,50,0,13,50,0.0,0.0,0.0
V050_007,V,50,0,9,50,0.0,0.0,0.0
V050_008,V,50,0,11,50,0.0,0.0,0.0
V050_009,V,50,0,14,50,0.0,0.0,0.0
V050_010,V,50,0,14,50,0.0,0.0,0.0
V050_011,V,50,0,13,50,0.0,0.0,0.0
V050_012,V,50,1,11,49,0.02,0.08333,0.01639
V050_013,V,50,1,3,49,0.02,0.25,0.01887
V050_014,V,50,0,10,50,0.0,0.0,0.0
V050_015,V,50,0,12,50,0.0,0.0,0.0
V050_016,V,50,0,8,50,0.0,0.0,0.0
V050_017,V,50,1,15,49,0.02,0.0625,0.01538
V050_018,V,50,2,14,48,0.04,0.125,0.03125
V050_019,V,50,0,14,50,0.0,0.0,0.0
V050_020,V,50,0,12,50,0.0,0.0,0.0
V050_021,V,50,0,12,50,0.0,0.0,0.0
V050_022,V,50,0,13,50,0.0,0.0,0.0
V050_023,V,50,0,10,50,0.0,0.0,0.0
V050_024,V,50,1,12,49,0.02,0.07692,0.01613
V050_025,V,50,1,9,49,0.02,0.1,0.01695
V050_026,V,50,0,13,50,0.0,0.0,0.0
V050_027,V,50,0,11,50,0.0,0.0,0.0
V050_028,V,50,0,17,50,0.0,0.0,0.0
V050_029,V,50,0,15,50,0.0,0.0,0.0
V050_030,V,50,0,10,50,0.0,0.0,0.0
V050_031,V,50,0,12,50,0.0,0.0,0.0
V050_032,V,50,1,13,49,0.02,0.07143,0.01587
V050_033,V,50,0,12,50,0.0,0.0,0.0
V050_034,V,50,0,8,50,0.0,0.0,0.0
V050_035,V,50,0,11,50,0.0,0.0,0.0
V050_036,V,50,1,7,49,0.02,0.125,0.01754
V050_037,V,50,1,9,49,0.02,0.1,0.01695
V050_038,V,50,0,8,50,0.0,0.0,0.0
V050_039,V,50,0,11,50,0.0,0.0,0.0
V050_040,V,50,1,11,49,0.02,0.08333,0.01639
V050_041,V,50,0,9,50,0.0,0.0,0.0
V050_042,V,50,0,7,50,0.0,0.0,0.0
V050_043,V,50,0,18,50,0.0,0.0,0.0
V050_044,V,50,0,14,50,0.0,0.0,0.0
V050_045,V,50,0,10,50,0.0,0.0,0.0
V050_046,V,50,0,14,50,0.0,0.0,0.0
V050_047,V,50,1,10,49,0.02,0.09091,0.01667
V050_048,V,50,0,18,50,0.0,0.0,0.0
V050_049,V,50,0,11,50,0.0,0.0,0.0
V050_050,V,50,0,12,50,0.0,0.0,0.0
V050_051,V,50,1,11,49,0.02,0.08333,0.01639
V050_052,V,50,0,13,50,0.0,0.0,0.0
V050_053,V,50,0,13,50,0.0,0.0,0.0
V050_054,V,50,0,11,50,0.0,0.0,0.0
V050_055,V,50,0,15,50,0.0,0.0,0.0
V050_056,V,50,0,16,50,0.0,0.0,0.0
V050_057,V,50,1,11,49,0.02,0.08333,0.01639
V050_058,V,50,0,9,50,0.0,0.0,0.0
V050_059,V,50,0,10,50,0.0,0.0,0.0
V050_060,V,50,0,14,50,0.0,0.0,0.0
V050_061,V,50,0,8,50,0.0,0.0,0.0
V050_062,V,50,0,10,50,0.0,0.0,0.0
V050_063,V,50,0,15,50,0.0,0.0,0.0
V050_064,V,50,1,13,49,0.02,0.07143,0.01587
V050_065,V,50,0,10,50,0.0,0.0,0.0
V050_066,V,50,2,8,48,0.04,0.2,0.03448
V050_067,V,50,0,9,50,0.0,0.0,0.0
V050_068,V,50,0,13,50,0.0,0.0,0.0
V050_069,V,50,0,11,50,0.0,0.0,0.0
V050_070,V,50,0,12,50,0.0,0.0,0.0
V050_071,V,50,0,12,50,0.0,0.0,0.0
V050_072,V,50,0,14,50,0.0,0.0,0.0
V050_073,V,50,0,10,50,0.0,0.0,0.0
V050_074,V,50,1,11,49,0.02,0.08333,0.01639
V050_075,V,50,0,10,50,0.0,0.0,0.0
V050_076,V,50,1,14,49,0.02,0.06667,0.01562
V050_077,V,50,0,15,50,0.0,0.0,0.0
V050_078,V,50,0,6,50,0.0,0.0,0.0
V050_079,V,50,0,12,50,0.0,0.0,0.0
V050_080,V,50,0,13,50,0.0,0.0,0.0
V050_081,V,50,0,7,50,0.0,0.0,0.0
V050_082,V,50,0,14,50,0.0,0.0,0.0
V050_083,V,50,0,11,50,0.0,0.0,0.0
V050_084,V,50,0,13,50,0.0,0.0,0.0
V050_085,V,50,1,12,49,0.02,0.07692,0.01613
V050_086,V,50,1,15,49,0.02,0.0625,0.01538
V050_087,V,50,0,10,50,0.0,0.0,0.0
V050_088,V,50,0,10,50,0.0,0.0,0.0
V050_089,V,50,0,14,50,0.0,0.0,0.0
V050_090,V,50,0,13,50,0.0,0.0,0.0
V050_091,V,50,0,11,50,0.0,0.0,0.0
V050_092,V,50,1,11,49,0.02,0.08333,0.01639
V050_093,V,50,0,12,50,0.0,0.0,0.0
V050_094,V,50,0,13,50,0.0,0.0,0.0
V050_095,V,50,0,8,50,0.0,0.0,0.0
V050_096,V,50,0,14,50,0.0,0.0,0.0
V050_097,V,50,1,2,49,0.02,0.33333,0.01923
V050_098,V,50,1,7,49,0.02,0.125,0.01754
V050_099,V,50,0,12,50,0.0,0.0,0.0
V050_100,V,50,0,12,50,0.0,0.0,0.0
